n	diffusion
0	4
1	2
2	2
3	3
4	4
5	3
6	3
7	0
8	2
9	4
10	3
11	3
12	1
13	1
14	2
15	2
16	4
17	0
18	4
19	0
20	4
21	0
22	2
23	0
24	2
25	4
26	4
27	1
28	2
29	0
30	2
31	2
32	4
33	2
34	4
35	4
36	1
37	0
38	2
39	1
40	0
41	4
42	3
43	4
44	3
45	4
46	1
47	1
48	3
49	4
50	4
51	2
52	1
53	0
54	0
55	2
56	2
57	0
58	2
59	4
60	3
61	0
62	0
63	2
64	1
65	4
66	0
67	3
68	2
69	4
70	0
71	4
72	1
73	2
74	4
75	3
76	4
77	3
78	1
79	4
80	1
81	4
82	0
83	4
84	2
85	1
86	0
87	1
88	4
89	0
90	1
91	1
92	1
93	1
94	2
95	1
96	4
97	4
98	4
99	2
100	2
101	1
102	1
103	1
104	3
105	2
106	1
107	0
108	4
109	0
110	2
111	0
112	1
113	0
114	1
115	4
116	3
117	1
118	1
119	4
120	4
121	1
122	3
123	4
124	2
125	2
126	1
127	0
128	3
129	3
130	4
131	0
132	1
133	3
134	2
135	4
136	1
137	2
138	0
139	1
140	0
141	2
142	1
143	2
144	1
145	0
146	2
147	1
148	1
149	3
150	0
151	2
152	4
153	0
154	4
155	3
156	3
157	0
158	1
159	0
160	3
161	2
162	4
163	2
164	2
165	4
166	1
167	2
168	1
169	0
170	3
171	2
172	0
173	4
174	2
175	4
176	4
177	2
178	1
179	1
180	3
181	1
182	4
183	1
184	4
185	2
186	2
187	0
188	2
189	3
190	2
191	3
192	3
193	3
194	2
195	1
196	0
197	4
198	2
199	4
200	4
201	0
202	4
203	4
204	2
205	0
206	2
207	3
208	0
209	0
210	1
211	4
212	0
213	0
214	0
215	2
216	0
217	0
218	2
219	3
220	1
221	3
222	4
223	1
224	0
225	3
226	0
227	2
228	3
229	0
230	1
231	4
232	3
233	4
234	0
235	4
236	2
237	4
238	0
239	4
240	4
241	3
242	3
243	4
244	1
245	2
246	4
247	0
248	1
249	1
250	0
251	2
252	3
253	0
254	3
255	4
256	3
257	1
258	4
259	2
260	0
261	0
262	2
263	0
264	0
265	1
266	2
267	4
268	3
269	1
270	0
271	4
272	4
273	1
274	1
275	1
276	3
277	1
278	2
279	1
280	0
281	4
282	0
283	1
284	3
285	1
286	4
287	2
288	1
289	4
290	0
291	0
292	4
293	2
294	3
295	2
296	3
297	4
298	1
299	4
300	0
301	0
302	3
303	2
304	2
305	2
306	2
307	0
308	1
309	1
310	2
311	0
312	0
313	3
314	0
315	0
316	0
317	1
318	4
319	4
320	2
321	3
322	4
323	4
324	0
325	1
326	0
327	1
328	4
329	2
330	2
331	1
332	0
333	0
334	3
335	1
336	0
337	0
338	2
339	2
340	4
341	3
342	2
343	2
344	4
345	0
346	4
347	2
348	2
349	4
350	3
351	2
352	0
353	4
354	2
355	2
356	0
357	1
358	1
359	3
360	2
361	4
362	4
363	3
364	1
365	1
366	3
367	0
368	0
369	4
370	2
371	4
372	1
373	4
374	3
375	1
376	3
377	3
378	3
379	3
380	1
381	3
382	3
383	3
384	3
385	2
386	1
387	3
388	1
389	4
390	0
391	1
392	1
393	2
394	0
395	2
396	0
397	1
398	1
399	3
400	0
401	2
402	4
403	0
404	4
405	2
406	3
407	4
408	0
409	3
410	0
411	2
412	2
413	4
414	4
415	2
416	4
417	0
418	2
419	4
420	3
421	2
422	2
423	0
424	2
425	3
426	0
427	2
428	0
429	4
430	3
431	0
432	3
433	0
434	2
435	3
436	1
437	2
438	2
439	0
440	4
441	4
442	0
443	2
444	1
445	0
446	0
447	2
448	3
449	1
450	4
451	2
452	2
453	2
454	3
455	4
456	2
457	2
458	3
459	4
460	1
461	1
462	3
463	0
464	3
465	1
466	0
467	2
468	1
469	2
470	4
471	0
472	1
473	3
474	2
475	4
476	2
477	1
478	1
479	2
480	2
481	3
482	4
483	1
484	0
485	4
486	0
487	1
488	1
489	4
490	4
491	1
492	3
493	3
494	4
495	2
496	3
497	3
498	2
499	4
500	1
501	4
502	0
503	1
504	3
505	4
506	0
507	4
508	0
509	2
510	1
511	3
512	2
513	2
514	1
515	1
516	1
517	1
518	4
519	1
520	4
521	1
522	1
523	1
524	3
525	2
526	0
527	0
528	4
529	0
530	2
531	3
532	0
533	0
534	2
535	4
536	2
537	1
538	2
539	2
540	4
541	3
542	2
543	4
544	3
545	2
546	0
547	4
548	2
549	4
550	3
551	0
552	4
553	1
554	1
555	2
556	2
557	4
558	4
559	4
560	4
561	1
562	0
563	0
564	4
565	3
566	2
567	2
568	2
569	0
570	1
571	1
572	4
573	0
574	0
575	2
576	4
577	1
578	3
579	3
580	1
581	3
582	4
583	2
584	1
585	4
586	3
587	0
588	4
589	1
590	4
591	3
592	2
593	1
594	2
595	2
596	1
597	2
598	2
599	3
600	2
601	0
602	0
603	4
604	3
605	2
606	3
607	0
608	1
609	4
610	1
611	3
612	3
613	1
614	2
615	4
616	3
617	3
618	0
619	1
620	3
621	3
622	1
623	0
624	2
625	0
626	0
627	0
628	0
629	1
630	3
631	3
632	2
633	1
634	0
635	0
636	1
637	0
638	2
639	4
640	1
641	1
642	2
643	3
644	3
645	1
646	1
647	1
648	0
649	0
650	0
651	2
652	2
653	0
654	0
655	1
656	0
657	3
658	4
659	1
660	3
661	0
662	2
663	1
664	3
665	0
666	0
667	2
668	2
669	1
670	4
671	4
672	2
673	4
674	2
675	4
676	3
677	4
678	4
679	1
680	1
681	3
682	1
683	4
684	0
685	4
686	2
687	4
688	3
689	0
690	0
691	1
692	1
693	1
694	3
695	3
696	3
697	3
698	0
699	4
700	3
701	3
702	4
703	3
704	1
705	1
706	2
707	0
708	4
709	0
710	0
711	1
712	2
713	3
714	2
715	0
716	0
717	0
718	3
719	0
720	2
721	4
722	2
723	3
724	4
725	4
726	1
727	1
728	3
729	4
730	1
731	4
732	3
733	2
734	0
735	3
736	2
737	2
738	4
739	0
740	4
741	3
742	2
743	2
744	4
745	0
746	0
747	2
748	1
749	4
750	3
751	0
752	2
753	3
754	2
755	1
756	4
757	2
758	1
759	1
760	1
761	0
762	4
763	0
764	0
765	1
766	2
767	0
768	4
769	2
770	1
771	2
772	0
773	2
774	1
775	0
776	2
777	0
778	0
779	2
780	2
781	2
782	1
783	4
784	3
785	3
786	4
787	3
788	3
789	0
790	1
791	3
792	3
793	4
794	2
795	2
796	1
797	4
798	2
799	2
800	2
801	0
802	3
803	0
804	3
805	4
806	4
807	2
808	0
809	0
810	4
811	1
812	3
813	2
814	0
815	1
816	0
817	0
818	1
819	1
820	0
821	4
822	1
823	2
824	0
825	3
826	0
827	4
828	3
829	1
830	3
831	4
832	0
833	2
834	2
835	0
836	3
837	2
838	4
839	2
840	1
841	4
842	1
843	0
844	2
845	0
846	4
847	4
848	1
849	0
850	3
851	2
852	2
853	3
854	0
855	4
856	4
857	3
858	3
859	4
860	2
861	1
862	4
863	2
864	0
865	1
866	1
867	3
868	3
869	0
870	4
871	1
872	2
873	4
874	4
875	3
876	4
877	0
878	0
879	0
880	4
881	2
882	1
883	3
884	2
885	4
886	3
887	4
888	0
889	0
890	2
891	2
892	1
893	2
894	3
895	2
896	2
897	4
898	4
899	0
900	3
901	0
902	0
903	3
904	0
905	2
906	0
907	4
908	3
909	4
910	4
911	1
912	4
913	3
914	2
915	2
916	1
917	0
918	2
919	4
920	1
921	1
922	4
923	3
924	4
925	0
926	4
927	4
928	0
929	3
930	1
931	2
932	4
933	1
934	2
935	2
936	2
937	2
938	4
939	0
940	2
941	4
942	1
943	0
944	2
945	0
946	1
947	2
948	1
949	4
950	1
951	0
952	2
953	4
954	2
955	0
956	3
957	4
958	3
959	3
960	4
961	3
962	2
963	0
964	4
965	3
966	1
967	2
968	0
969	2
970	4
971	3
972	4
973	4
974	0
975	1
976	1
977	2
978	0
979	0
980	0
981	1
982	3
983	3
984	3
985	3
986	2
987	3
988	4
989	0
990	1
991	1
992	1
993	3
994	2
995	2
996	2
997	2
998	4
999	3
1000	1
1001	2
1002	4
1003	0
1004	1
1005	3
1006	4
1007	2
1008	3
1009	1
1010	4
1011	2
1012	2
1013	1
1014	0
1015	2
1016	3
1017	4
1018	4
1019	1
1020	3
1021	1
1022	2
1023	3
1024	4
1025	2
1026	4
1027	2
1028	1
1029	1
1030	4
1031	0
1032	3
1033	2
1034	2
1035	0
1036	2
1037	0
1038	3
1039	4
1040	2
1041	1
1042	2
1043	4
1044	3
1045	4
1046	0
1047	3
1048	0
1049	3
1050	2
1051	1
1052	2
1053	3
1054	3
1055	0
1056	0
1057	4
1058	1
1059	3
1060	4
1061	3
1062	0
1063	0
1064	1
1065	4
1066	1
1067	3
1068	0
1069	4
1070	3
1071	4
1072	1
1073	0
1074	4
1075	2
1076	1
1077	3
1078	1
1079	1
1080	2
1081	1
1082	4
1083	2
1084	4
1085	2
1086	4
1087	0
1088	4
1089	0
1090	2
1091	0
1092	4
1093	2
1094	4
1095	0
1096	3
1097	0
1098	0
1099	4
1100	1
1101	1
1102	4
1103	1
1104	0
1105	2
1106	0
1107	1
1108	3
1109	1
1110	2
1111	2
1112	3
1113	4
1114	1
1115	2
1116	2
1117	3
1118	3
1119	4
1120	4
1121	2
1122	0
1123	3
1124	1
1125	2
1126	2
1127	3
1128	2
1129	1
1130	0
1131	0
1132	4
1133	3
1134	0
1135	3
1136	0
1137	0
1138	0
1139	0
1140	4
1141	4
1142	4
1143	3
1144	2
1145	1
1146	1
1147	1
1148	0
1149	4
1150	1
1151	2
1152	2
1153	3
1154	2
1155	2
1156	0
1157	1
1158	0
1159	1
1160	3
1161	1
1162	0
1163	1
1164	3
1165	1
1166	1
1167	2
1168	2
1169	1
1170	2
1171	0
1172	1
1173	0
1174	4
1175	3
1176	1
1177	2
1178	0
1179	4
1180	0
1181	4
1182	2
1183	1
1184	0
1185	3
1186	1
1187	0
1188	1
1189	3
1190	2
1191	1
1192	1
1193	1
1194	1
1195	3
1196	3
1197	3
1198	1
1199	4
1200	0
1201	1
1202	2
1203	0
1204	1
1205	3
1206	0
1207	0
1208	0
1209	0
1210	1
1211	1
1212	3
1213	3
1214	2
1215	3
1216	2
1217	1
1218	3
1219	1
1220	2
1221	2
1222	3
1223	1
1224	4
1225	2
1226	4
1227	1
1228	4
1229	0
1230	4
1231	3
1232	0
1233	0
1234	4
1235	4
1236	3
1237	3
1238	3
1239	2
1240	1
1241	1
1242	1
1243	4
1244	4
1245	2
1246	1
1247	4
1248	2
1249	3
1250	4
1251	2
1252	3
1253	0
1254	0
1255	4
1256	1
1257	1
1258	3
1259	0
1260	2
1261	2
1262	1
1263	4
1264	2
1265	2
1266	4
1267	3
1268	3
1269	1
1270	0
1271	1
1272	3
1273	2
1274	2
1275	2
1276	2
1277	3
1278	0
1279	4
1280	2
1281	1
1282	1
1283	4
1284	2
1285	2
1286	4
1287	0
1288	2
1289	3
1290	1
1291	1
1292	2
1293	2
1294	4
1295	0
1296	1
1297	4
1298	2
1299	1
1300	2
1301	2
1302	1
1303	0
1304	3
1305	4
1306	3
1307	1
1308	3
1309	2
1310	2
1311	4
1312	3
1313	1
1314	1
1315	1
1316	3
1317	1
1318	3
1319	4
1320	0
1321	4
1322	2
1323	1
1324	2
1325	0
1326	3
1327	2
1328	1
1329	3
1330	2
1331	1
1332	1
1333	4
1334	4
1335	2
1336	3
1337	0
1338	0
1339	0
1340	4
1341	0
1342	3
1343	4
1344	3
1345	2
1346	0
1347	1
1348	4
1349	0
1350	1
1351	2
1352	3
1353	2
1354	4
1355	0
1356	0
1357	1
1358	1
1359	4
1360	3
1361	2
1362	3
1363	2
1364	3
1365	2
1366	0
1367	4
1368	1
1369	1
1370	3
1371	0
1372	2
1373	1
1374	4
1375	1
1376	3
1377	2
1378	1
1379	3
1380	1
1381	0
1382	4
1383	0
1384	0
1385	3
1386	2
1387	4
1388	2
1389	4
1390	2
1391	0
1392	1
1393	3
1394	2
1395	2
1396	0
1397	1
1398	4
1399	0
1400	0
1401	3
1402	2
1403	3
1404	2
1405	1
1406	1
1407	2
1408	0
1409	2
1410	4
1411	4
1412	4
1413	0
1414	3
1415	1
1416	1
1417	0
1418	0
1419	0
1420	1
1421	4
1422	3
1423	2
1424	4
1425	4
1426	3
1427	1
1428	0
1429	1
1430	2
1431	3
1432	0
1433	3
1434	1
1435	0
1436	1
1437	3
1438	0
1439	1
1440	0
1441	4
1442	4
1443	2
1444	3
1445	2
1446	3
1447	3
1448	3
1449	4
1450	0
1451	3
1452	4
1453	4
1454	1
1455	1
1456	1
1457	2
1458	2
1459	1
1460	3
1461	3
1462	1
1463	3
1464	1
1465	1
1466	0
1467	3
1468	0
1469	0
1470	1
1471	0
1472	4
1473	1
1474	2
1475	4
1476	0
1477	3
1478	0
1479	1
1480	3
1481	4
1482	1
1483	4
1484	4
1485	0
1486	4
1487	3
1488	0
1489	3
1490	3
1491	1
1492	2
1493	1
1494	3
1495	0
1496	4
1497	2
1498	2
1499	3
1500	2
1501	3
1502	3
1503	4
1504	4
1505	2
1506	3
1507	4
1508	0
1509	1
1510	4
1511	0
1512	4
1513	3
1514	1
1515	0
1516	4
1517	1
1518	3
1519	4
1520	4
1521	0
1522	3
1523	3
1524	0
1525	0
1526	3
1527	2
1528	4
1529	2
1530	1
1531	4
1532	0
1533	1
1534	3
1535	0
1536	4
1537	3
1538	0
1539	0
1540	3
1541	0
1542	0
1543	4
1544	1
1545	3
1546	0
1547	2
1548	3
1549	2
1550	3
1551	3
1552	0
1553	4
1554	4
1555	1
1556	4
1557	4
1558	1
1559	1
1560	0
1561	0
1562	2
1563	2
1564	1
1565	4
1566	4
1567	4
1568	2
1569	3
1570	4
1571	3
1572	0
1573	2
1574	1
1575	3
1576	3
1577	1
1578	1
1579	4
1580	0
1581	2
1582	4
1583	0
1584	3
1585	1
1586	1
1587	0
1588	1
1589	0
1590	1
1591	0
1592	2
1593	1
1594	2
1595	4
1596	4
1597	4
1598	2
1599	2
1600	2
1601	0
1602	4
1603	2
1604	4
1605	1
1606	4
1607	1
1608	4
1609	1
1610	2
1611	2
1612	3
1613	0
1614	3
1615	2
1616	2
1617	4
1618	3
1619	4
1620	3
1621	0
1622	2
1623	4
1624	1
1625	0
1626	2
1627	0
1628	1
1629	2
1630	2
1631	3
1632	4
1633	2
1634	3
1635	1
1636	3
1637	4
1638	3
1639	2
1640	2
1641	1
1642	2
1643	0
1644	2
1645	4
1646	2
1647	4
1648	4
1649	2
1650	4
1651	4
1652	2
1653	1
1654	3
1655	3
1656	2
1657	0
1658	1
1659	3
1660	2
1661	2
1662	1
1663	2
1664	0
1665	2
1666	3
1667	0
1668	0
1669	4
1670	3
1671	3
1672	1
1673	0
1674	4
1675	2
1676	2
1677	4
1678	1
1679	0
1680	2
1681	1
1682	1
1683	2
1684	2
1685	3
1686	1
1687	3
1688	1
1689	1
1690	1
1691	2
1692	2
1693	0
1694	1
1695	1
1696	3
1697	0
1698	4
1699	4
1700	1
1701	4
1702	0
1703	2
1704	1
1705	1
1706	0
1707	4
1708	0
1709	1
1710	3
1711	0
1712	1
1713	1
1714	4
1715	1
1716	0
1717	3
1718	0
1719	3
1720	0
1721	3
1722	0
1723	3
1724	4
1725	0
1726	1
1727	0
1728	2
1729	4
1730	0
1731	2
1732	1
1733	4
1734	0
1735	0
1736	1
1737	0
1738	2
1739	4
1740	4
1741	1
1742	3
1743	4
1744	2
1745	0
1746	0
1747	1
1748	4
1749	0
1750	2
1751	1
1752	2
1753	0
1754	2
1755	4
1756	4
1757	0
1758	3
1759	0
1760	4
1761	1
1762	2
1763	2
1764	0
1765	0
1766	4
1767	4
1768	2
1769	1
1770	3
1771	2
1772	0
1773	3
1774	4
1775	4
1776	4
1777	4
1778	3
1779	3
1780	3
1781	4
1782	3
1783	3
1784	4
1785	3
1786	3
1787	4
1788	3
1789	0
1790	2
1791	1
1792	0
1793	1
1794	3
1795	2
1796	3
1797	1
1798	4
1799	3
1800	3
1801	0
1802	0
1803	0
1804	2
1805	0
1806	0
1807	4
1808	4
1809	0
1810	1
1811	2
1812	1
1813	1
1814	3
1815	3
1816	2
1817	0
1818	0
1819	3
1820	3
1821	4
1822	3
1823	3
1824	3
1825	2
1826	2
1827	3
1828	1
1829	4
1830	4
1831	3
1832	1
1833	4
1834	1
1835	2
1836	0
1837	4
1838	3
1839	2
1840	3
1841	3
1842	3
1843	4
1844	4
1845	3
1846	3
1847	2
1848	1
1849	3
1850	3
1851	4
1852	0
1853	4
1854	4
1855	1
1856	3
1857	1
1858	0
1859	1
1860	0
1861	1
1862	2
1863	4
1864	3
1865	4
1866	0
1867	3
1868	4
1869	3
1870	1
1871	3
1872	4
1873	2
1874	1
1875	0
1876	0
1877	3
1878	2
1879	3
1880	4
1881	4
1882	3
1883	3
1884	2
1885	3
1886	2
1887	1
1888	0
1889	4
1890	0
1891	3
1892	2
1893	3
1894	3
1895	0
1896	1
1897	3
1898	4
1899	3
1900	4
1901	0
1902	2
1903	0
1904	2
1905	0
1906	1
1907	1
1908	3
1909	0
1910	2
1911	2
1912	2
1913	1
1914	4
1915	4
1916	2
1917	3
1918	2
1919	2
1920	2
1921	0
1922	1
1923	3
1924	0
1925	4
1926	3
1927	4
1928	4
1929	0
1930	1
1931	1
1932	0
1933	4
1934	4
1935	4
1936	0
1937	0
1938	4
1939	3
1940	2
1941	4
1942	4
1943	3
1944	1
1945	2
1946	0
1947	2
1948	0
1949	0
1950	3
1951	1
1952	0
1953	2
1954	2
1955	4
1956	3
1957	3
1958	4
1959	4
1960	4
1961	4
1962	0
1963	3
1964	1
1965	2
1966	4
1967	4
1968	4
1969	2
1970	1
1971	2
1972	4
1973	3
1974	4
1975	4
1976	0
1977	2
1978	1
1979	3
1980	2
1981	2
1982	0
1983	0
1984	2
1985	3
1986	3
1987	0
1988	0
1989	0
1990	1
1991	1
1992	0
1993	1
1994	1
1995	1
1996	1
1997	3
1998	1
1999	4
2000	3
2001	2
2002	1
2003	0
2004	1
2005	1
2006	0
2007	2
2008	0
2009	3
2010	1
2011	3
2012	2
2013	0
2014	2
2015	4
2016	4
2017	0
2018	4
2019	0
2020	1
2021	0
2022	3
2023	3
2024	0
2025	0
2026	0
2027	1
2028	0
2029	3
2030	3
2031	3
2032	4
2033	0
2034	1
2035	0
2036	3
2037	1
2038	4
2039	4
2040	1
2041	4
2042	0
2043	1
2044	0
2045	2
2046	1
2047	4
2048	0
2049	4
2050	4
2051	4
2052	0
2053	2
2054	0
2055	1
2056	3
2057	4
2058	1
2059	0
2060	4
2061	3
2062	0
2063	3
2064	1
2065	3
2066	4
2067	2
2068	0
2069	4
2070	0
2071	2
2072	4
2073	2
2074	2
2075	1
2076	4
2077	4
2078	1
2079	3
2080	4
2081	1
2082	1
2083	3
2084	2
2085	1
2086	4
2087	4
2088	4
2089	1
2090	1
2091	4
2092	3
2093	3
2094	1
2095	1
2096	0
2097	3
2098	1
2099	4
2100	4
2101	3
2102	0
2103	1
2104	1
2105	2
2106	0
2107	3
2108	2
2109	1
2110	0
2111	2
2112	2
2113	0
2114	0
2115	2
2116	1
2117	4
2118	3
2119	0
2120	4
2121	4
2122	4
2123	3
2124	0
2125	1
2126	2
2127	0
2128	2
2129	0
2130	3
2131	3
2132	1
2133	0
2134	4
2135	3
2136	3
2137	3
2138	3
2139	3
2140	0
2141	0
2142	3
2143	4
2144	1
2145	3
2146	3
2147	3
2148	4
2149	3
2150	3
2151	3
2152	1
2153	1
2154	2
2155	3
2156	0
2157	2
2158	0
2159	3
2160	2
2161	0
2162	3
2163	4
2164	4
2165	0
2166	1
2167	3
2168	3
2169	4
2170	1
2171	2
2172	3
2173	0
2174	0
2175	3
2176	2
2177	1
2178	0
2179	0
2180	3
2181	0
2182	3
2183	1
2184	4
2185	3
2186	0
2187	3
2188	0
2189	4
2190	4
2191	0
2192	4
2193	0
2194	4
2195	3
2196	1
2197	0
2198	4
2199	3
2200	1
2201	3
2202	4
2203	1
2204	3
2205	4
2206	1
2207	3
2208	2
2209	4
2210	1
2211	2
2212	0
2213	3
2214	3
2215	4
2216	1
2217	4
2218	4
2219	1
2220	3
2221	1
2222	2
2223	4
2224	2
2225	4
2226	4
2227	2
2228	4
2229	2
2230	4
2231	2
2232	0
2233	4
2234	1
2235	4
2236	1
2237	4
2238	2
2239	3
2240	4
2241	1
2242	4
2243	2
2244	3
2245	3
2246	1
2247	3
2248	4
2249	2
2250	4
2251	2
2252	3
2253	4
2254	0
2255	0
2256	2
2257	3
2258	1
2259	2
2260	2
2261	4
2262	3
2263	1
2264	3
2265	1
2266	1
2267	4
2268	4
2269	1
2270	1
2271	2
2272	3
2273	0
2274	0
2275	4
2276	0
2277	3
2278	1
2279	3
2280	3
2281	4
2282	4
2283	3
2284	4
2285	4
2286	3
2287	3
2288	0
2289	3
2290	0
2291	0
2292	0
2293	1
2294	1
2295	2
2296	2
2297	4
2298	3
2299	2
2300	4
2301	4
2302	2
2303	4
2304	2
2305	4
2306	4
2307	0
2308	4
2309	2
2310	0
2311	3
2312	2
2313	0
2314	3
2315	3
2316	3
2317	4
2318	4
2319	0
2320	0
2321	2
2322	1
2323	2
2324	3
2325	0
2326	1
2327	3
2328	4
2329	2
2330	2
2331	0
2332	4
2333	0
2334	3
2335	3
2336	2
2337	0
2338	3
2339	3
2340	3
2341	0
2342	1
2343	4
2344	0
2345	4
2346	1
2347	3
2348	2
2349	1
2350	2
2351	2
2352	2
2353	2
2354	0
2355	3
2356	0
2357	0
2358	4
2359	0
2360	1
2361	0
2362	4
2363	4
2364	4
2365	2
2366	3
2367	1
2368	2
2369	3
2370	1
2371	1
2372	1
2373	0
2374	0
2375	1
2376	2
2377	1
2378	3
2379	0
2380	3
2381	4
2382	4
2383	1
2384	4
2385	0
2386	0
2387	3
2388	3
2389	3
2390	4
2391	0
2392	3
2393	3
2394	0
2395	0
2396	0
2397	4
2398	2
2399	3
2400	3
2401	2
2402	3
2403	3
2404	1
2405	0
2406	3
2407	0
2408	0
2409	4
2410	0
2411	0
2412	1
2413	3
2414	1
2415	0
2416	2
2417	4
2418	0
2419	2
2420	2
2421	2
2422	4
2423	0
2424	0
2425	0
2426	1
2427	4
2428	4
2429	2
2430	4
2431	3
2432	4
2433	0
2434	0
2435	0
2436	0
2437	2
2438	2
2439	1
2440	1
2441	3
2442	0
2443	4
2444	1
2445	2
2446	2
2447	3
2448	1
2449	3
2450	1
2451	1
2452	2
2453	0
2454	4
2455	3
2456	1
2457	4
2458	0
2459	0
2460	1
2461	1
2462	3
2463	4
2464	2
2465	1
2466	3
2467	0
2468	4
2469	1
2470	2
2471	3
2472	1
2473	2
2474	1
2475	3
2476	2
2477	3
2478	3
2479	4
2480	0
2481	3
2482	2
2483	1
2484	4
2485	3
2486	1
2487	1
2488	3
2489	1
2490	0
2491	3
2492	0
2493	4
2494	3
2495	2
2496	3
2497	4
2498	0
2499	2
2500	1
2501	4
2502	0
2503	4
2504	3
2505	0
2506	1
2507	4
2508	3
2509	0
2510	1
2511	0
2512	4
2513	3
2514	4
2515	2
2516	1
2517	1
2518	2
2519	4
2520	0
2521	4
2522	1
2523	0
2524	2
2525	2
2526	0
2527	2
2528	4
2529	1
2530	3
2531	2
2532	1
2533	1
2534	0
2535	1
2536	3
2537	1
2538	0
2539	2
2540	4
2541	4
2542	2
2543	2
2544	3
2545	1
2546	3
2547	0
2548	0
2549	1
2550	1
2551	1
2552	1
2553	4
2554	0
2555	2
2556	3
2557	4
2558	0
2559	3
2560	1
2561	2
2562	4
2563	3
2564	0
2565	2
2566	3
2567	3
2568	3
2569	2
2570	1
2571	4
2572	0
2573	3
2574	2
2575	4
2576	1
2577	4
2578	1
2579	2
2580	2
2581	2
2582	1
2583	3
2584	0
2585	4
2586	4
2587	1
2588	0
2589	1
2590	3
2591	4
2592	0
2593	3
2594	2
2595	3
2596	3
2597	4
2598	1
2599	2
2600	0
2601	4
2602	2
2603	3
2604	4
2605	0
2606	2
2607	0
2608	1
2609	0
2610	4
2611	3
2612	1
2613	1
2614	2
2615	3
2616	3
2617	1
2618	0
2619	2
2620	1
2621	1
2622	2
2623	0
2624	4
2625	0
2626	2
2627	3
2628	4
2629	3
2630	1
2631	1
2632	1
2633	2
2634	4
2635	2
2636	4
2637	4
2638	3
2639	4
2640	0
2641	3
2642	3
2643	1
2644	3
2645	4
2646	3
2647	2
2648	1
2649	2
2650	3
2651	3
2652	3
2653	2
2654	2
2655	2
2656	3
2657	0
2658	1
2659	1
2660	2
2661	0
2662	1
2663	0
2664	2
2665	0
2666	4
2667	0
2668	3
2669	0
2670	1
2671	0
2672	0
2673	4
2674	3
2675	0
2676	4
2677	2
2678	4
2679	1
2680	3
2681	1
2682	3
2683	4
2684	4
2685	2
2686	1
2687	3
2688	2
2689	0
2690	2
2691	0
2692	2
2693	0
2694	1
2695	1
2696	1
2697	0
2698	3
2699	1
2700	1
2701	4
2702	4
2703	2
2704	2
2705	3
2706	1
2707	3
2708	3
2709	1
2710	1
2711	0
2712	0
2713	3
2714	2
2715	1
2716	3
2717	0
2718	0
2719	1
2720	2
2721	0
2722	3
2723	4
2724	3
2725	1
2726	1
2727	0
2728	1
2729	0
2730	3
2731	3
2732	3
2733	4
2734	0
2735	1
2736	0
2737	0
2738	3
2739	3
2740	3
2741	1
2742	0
2743	2
2744	2
2745	2
2746	3
2747	2
2748	0
2749	2
2750	1
2751	1
2752	2
2753	3
2754	1
2755	2
2756	4
2757	0
2758	0
2759	2
2760	0
2761	1
2762	2
2763	3
2764	1
2765	4
2766	1
2767	0
2768	3
2769	4
2770	2
2771	2
2772	4
2773	4
2774	2
2775	2
2776	0
2777	2
2778	2
2779	3
2780	4
2781	4
2782	2
2783	1
2784	3
2785	2
2786	2
2787	3
2788	0
2789	2
2790	4
2791	2
2792	2
2793	1
2794	2
2795	1
2796	1
2797	4
2798	1
2799	2
2800	2
2801	4
2802	4
2803	4
2804	0
2805	3
2806	4
2807	3
2808	1
2809	0
2810	1
2811	3
2812	2
2813	0
2814	1
2815	3
2816	1
2817	2
2818	2
2819	3
2820	1
2821	2
2822	2
2823	2
2824	4
2825	1
2826	2
2827	1
2828	3
2829	4
2830	4
2831	4
2832	2
2833	1
2834	0
2835	3
2836	3
2837	2
2838	3
2839	2
2840	3
2841	3
2842	2
2843	3
2844	4
2845	3
2846	2
2847	2
2848	4
2849	0
2850	3
2851	1
2852	0
2853	4
2854	0
2855	4
2856	2
2857	0
2858	3
2859	3
2860	2
2861	3
2862	3
2863	0
2864	1
2865	2
2866	2
2867	4
2868	1
2869	3
2870	0
2871	2
2872	2
2873	0
2874	2
2875	1
2876	1
2877	0
2878	2
2879	2
2880	0
2881	2
2882	4
2883	2
2884	3
2885	4
2886	2
2887	1
2888	2
2889	1
2890	3
2891	0
2892	4
2893	3
2894	4
2895	4
2896	1
2897	1
2898	1
2899	3
2900	3
2901	4
2902	3
2903	3
2904	3
2905	2
2906	4
2907	1
2908	2
2909	4
2910	3
2911	3
2912	2
2913	4
2914	2
2915	3
2916	1
2917	1
2918	0
2919	2
2920	0
2921	3
2922	2
2923	4
2924	1
2925	0
2926	2
2927	0
2928	2
2929	2
2930	3
2931	2
2932	1
2933	1
2934	3
2935	3
2936	0
2937	3
2938	3
2939	1
2940	3
2941	4
2942	2
2943	4
2944	1
2945	4
2946	4
2947	1
2948	1
2949	4
2950	1
2951	3
2952	4
2953	2
2954	1
2955	1
2956	4
2957	4
2958	3
2959	4
2960	3
2961	3
2962	4
2963	3
2964	3
2965	1
2966	1
2967	1
2968	3
2969	2
2970	2
2971	1
2972	2
2973	2
2974	3
2975	4
2976	0
2977	3
2978	4
2979	2
2980	2
2981	1
2982	4
2983	4
2984	3
2985	4
2986	2
2987	1
2988	0
2989	0
2990	0
2991	2
2992	3
2993	0
2994	4
2995	4
2996	0
2997	3
2998	2
2999	2
3000	2
3001	2
3002	3
3003	3
3004	3
3005	1
3006	4
3007	2
3008	0
3009	1
3010	1
3011	2
3012	4
3013	2
3014	3
3015	1
3016	0
3017	2
3018	2
3019	2
3020	4
3021	3
3022	0
3023	3
3024	1
3025	1
3026	4
3027	1
3028	1
3029	1
3030	0
3031	0
3032	0
3033	3
3034	3
3035	3
3036	4
3037	1
3038	1
3039	1
3040	3
3041	4
3042	2
3043	4
3044	2
3045	3
3046	0
3047	4
3048	4
3049	3
3050	0
3051	2
3052	1
3053	3
3054	2
3055	0
3056	0
3057	0
3058	4
3059	0
3060	1
3061	3
3062	0
3063	4
3064	0
3065	1
3066	1
3067	3
3068	1
3069	2
3070	1
3071	4
3072	0
3073	1
3074	3
3075	0
3076	3
3077	1
3078	4
3079	1
3080	4
3081	4
3082	3
3083	4
3084	3
3085	3
3086	2
3087	2
3088	1
3089	3
3090	4
3091	2
3092	0
3093	3
3094	3
3095	0
3096	0
3097	1
3098	4
3099	3
3100	4
3101	4
3102	4
3103	2
3104	0
3105	1
3106	4
3107	2
3108	1
3109	1
3110	0
3111	4
3112	2
3113	1
3114	3
3115	0
3116	0
3117	3
3118	4
3119	4
3120	1
3121	0
3122	1
3123	3
3124	2
3125	2
3126	2
3127	4
3128	3
3129	0
3130	2
3131	4
3132	0
3133	3
3134	0
3135	2
3136	2
3137	2
3138	3
3139	4
3140	2
3141	0
3142	2
3143	4
3144	2
3145	0
3146	2
3147	2
3148	1
3149	1
3150	4
3151	4
3152	1
3153	3
3154	0
3155	4
3156	2
3157	3
3158	3
3159	0
3160	1
3161	3
3162	1
3163	3
3164	0
3165	4
3166	4
3167	3
3168	0
3169	1
3170	1
3171	3
3172	2
3173	4
3174	0
3175	1
3176	0
3177	2
3178	0
3179	0
3180	3
3181	4
3182	4
3183	1
3184	0
3185	1
3186	1
3187	4
3188	4
3189	3
3190	2
3191	2
3192	4
3193	4
3194	1
3195	2
3196	1
3197	2
3198	1
3199	3
3200	0
3201	2
3202	2
3203	0
3204	4
3205	2
3206	2
3207	2
3208	0
3209	0
3210	4
3211	1
3212	3
3213	4
3214	4
3215	1
3216	3
3217	2
3218	1
3219	4
3220	2
3221	1
3222	3
3223	3
3224	0
3225	3
3226	4
3227	3
3228	1
3229	0
3230	1
3231	0
3232	1
3233	3
3234	3
3235	3
3236	3
3237	4
3238	0
3239	1
3240	2
3241	4
3242	4
3243	0
3244	3
3245	4
3246	4
3247	0
3248	1
3249	1
3250	0
3251	2
3252	0
3253	2
3254	3
3255	1
3256	1
3257	2
3258	3
3259	0
3260	0
3261	2
3262	2
3263	2
3264	4
3265	0
3266	2
3267	3
3268	2
3269	1
3270	0
3271	4
3272	0
3273	2
3274	1
3275	3
3276	2
3277	3
3278	0
3279	4
3280	3
3281	4
3282	4
3283	3
3284	4
3285	2
3286	1
3287	3
3288	0
3289	0
3290	4
3291	1
3292	2
3293	1
3294	3
3295	3
3296	1
3297	3
3298	2
3299	4
3300	3
3301	1
3302	4
3303	0
3304	0
3305	2
3306	1
3307	2
3308	4
3309	1
3310	4
3311	0
3312	4
3313	1
3314	1
3315	0
3316	3
3317	1
3318	0
3319	0
3320	2
3321	3
3322	2
3323	0
3324	2
3325	1
3326	1
3327	4
3328	2
3329	0
3330	4
3331	1
3332	2
3333	4
3334	2
3335	0
3336	4
3337	0
3338	4
3339	3
3340	1
3341	0
3342	2
3343	4
3344	4
3345	4
3346	0
3347	3
3348	0
3349	0
3350	1
3351	3
3352	4
3353	1
3354	3
3355	1
3356	4
3357	0
3358	3
3359	4
3360	3
3361	1
3362	2
3363	2
3364	2
3365	4
3366	1
3367	1
3368	0
3369	0
3370	0
3371	4
3372	2
3373	0
3374	2
3375	0
3376	3
3377	1
3378	2
3379	1
3380	4
3381	4
3382	3
3383	4
3384	3
3385	1
3386	0
3387	4
3388	3
3389	3
3390	2
3391	1
3392	2
3393	1
3394	1
3395	3
3396	4
3397	3
3398	0
3399	3
3400	1
3401	2
3402	1
3403	1
3404	2
3405	0
3406	1
3407	1
3408	1
3409	1
3410	4
3411	1
3412	1
3413	2
3414	4
3415	4
3416	1
3417	3
3418	1
3419	2
3420	2
3421	4
3422	2
3423	2
3424	4
3425	4
3426	2
3427	2
3428	1
3429	2
3430	4
3431	4
3432	2
3433	4
3434	2
3435	0
3436	0
3437	3
3438	4
3439	1
3440	3
3441	4
3442	1
3443	3
3444	4
3445	4
3446	1
3447	2
3448	0
3449	3
3450	3
3451	4
3452	2
3453	2
3454	2
3455	3
3456	4
3457	1
3458	1
3459	4
3460	2
3461	2
3462	4
3463	2
3464	3
3465	2
3466	4
3467	2
3468	2
3469	2
3470	1
3471	0
3472	1
3473	2
3474	3
3475	4
3476	3
3477	2
3478	4
3479	3
3480	3
3481	1
3482	3
3483	0
3484	4
3485	2
3486	3
3487	2
3488	0
3489	0
3490	3
3491	3
3492	3
3493	4
3494	2
3495	4
3496	0
3497	2
3498	2
3499	0
3500	1
3501	0
3502	3
3503	3
3504	4
3505	3
3506	4
3507	0
3508	2
3509	2
3510	4
3511	0
3512	4
3513	2
3514	3
3515	1
3516	4
3517	4
3518	2
3519	3
3520	4
3521	0
3522	0
3523	1
3524	4
3525	3
3526	3
3527	2
3528	4
3529	2
3530	1
3531	1
3532	4
3533	2
3534	3
3535	3
3536	0
3537	3
3538	0
3539	3
3540	4
3541	4
3542	1
3543	2
3544	4
3545	3
3546	1
3547	1
3548	0
3549	1
3550	1
3551	4
3552	1
3553	2
3554	4
3555	1
3556	1
3557	3
3558	0
3559	2
3560	4
3561	3
3562	4
3563	3
3564	2
3565	4
3566	1
3567	3
3568	3
3569	3
3570	2
3571	1
3572	2
3573	2
3574	4
3575	2
3576	1
3577	3
3578	4
3579	0
3580	2
3581	0
3582	4
3583	2
3584	2
3585	3
3586	0
3587	2
3588	1
3589	2
3590	0
3591	3
3592	3
3593	4
3594	0
3595	1
3596	2
3597	0
3598	4
3599	2
3600	1
3601	2
3602	0
3603	1
3604	0
3605	4
3606	0
3607	2
3608	0
3609	0
3610	1
3611	1
3612	0
3613	0
3614	0
3615	0
3616	0
3617	1
3618	4
3619	4
3620	0
3621	3
3622	0
3623	0
3624	1
3625	3
3626	1
3627	1
3628	3
3629	4
3630	4
3631	2
3632	1
3633	1
3634	1
3635	2
3636	0
3637	2
3638	3
3639	0
3640	4
3641	3
3642	0
3643	3
3644	1
3645	0
3646	2
3647	2
3648	0
3649	1
3650	3
3651	4
3652	4
3653	0
3654	0
3655	0
3656	0
3657	4
3658	3
3659	4
3660	3
3661	3
3662	2
3663	0
3664	0
3665	4
3666	3
3667	0
3668	0
3669	2
3670	3
3671	1
3672	2
3673	2
3674	1
3675	4
3676	1
3677	2
3678	1
3679	4
3680	1
3681	2
3682	3
3683	3
3684	2
3685	0
3686	1
3687	0
3688	2
3689	2
3690	3
3691	1
3692	4
3693	3
3694	3
3695	4
3696	2
3697	0
3698	2
3699	0
3700	2
3701	2
3702	4
3703	2
3704	1
3705	3
3706	1
3707	1
3708	3
3709	3
3710	2
3711	0
3712	0
3713	1
3714	2
3715	2
3716	3
3717	3
3718	1
3719	0
3720	4
3721	2
3722	0
3723	3
3724	0
3725	0
3726	1
3727	2
3728	0
3729	3
3730	4
3731	2
3732	0
3733	2
3734	3
3735	0
3736	2
3737	0
3738	0
3739	4
3740	0
3741	1
3742	0
3743	3
3744	4
3745	0
3746	0
3747	4
3748	4
3749	0
3750	1
3751	3
3752	0
3753	2
3754	4
3755	0
3756	3
3757	3
3758	3
3759	1
3760	1
3761	0
3762	1
3763	4
3764	2
3765	2
3766	2
3767	4
3768	4
3769	4
3770	0
3771	4
3772	3
3773	2
3774	0
3775	1
3776	1
3777	0
3778	0
3779	1
3780	3
3781	2
3782	3
3783	0
3784	3
3785	3
3786	3
3787	4
3788	0
3789	2
3790	4
3791	3
3792	0
3793	3
3794	2
3795	1
3796	0
3797	3
3798	3
3799	4
3800	4
3801	0
3802	3
3803	3
3804	0
3805	0
3806	4
3807	3
3808	4
3809	2
3810	4
3811	1
3812	3
3813	2
3814	2
3815	0
3816	4
3817	4
3818	4
3819	2
3820	4
3821	4
3822	0
3823	1
3824	4
3825	4
3826	0
3827	2
3828	2
3829	2
3830	4
3831	2
3832	1
3833	4
3834	1
3835	3
3836	2
3837	4
3838	1
3839	0
3840	1
3841	0
3842	3
3843	0
3844	1
3845	3
3846	0
3847	2
3848	4
3849	3
3850	3
3851	3
3852	2
3853	3
3854	1
3855	0
3856	0
3857	4
3858	3
3859	0
3860	2
3861	0
3862	3
3863	0
3864	4
3865	3
3866	3
3867	1
3868	1
3869	1
3870	3
3871	4
3872	3
3873	3
3874	0
3875	1
3876	4
3877	1
3878	1
3879	1
3880	0
3881	2
3882	1
3883	3
3884	3
3885	0
3886	4
3887	1
3888	3
3889	2
3890	3
3891	4
3892	0
3893	3
3894	0
3895	4
3896	4
3897	3
3898	3
3899	2
3900	2
3901	4
3902	2
3903	1
3904	4
3905	2
3906	0
3907	3
3908	4
3909	2
3910	4
3911	1
3912	0
3913	2
3914	0
3915	4
3916	4
3917	4
3918	1
3919	1
3920	3
3921	3
3922	0
3923	0
3924	1
3925	4
3926	4
3927	1
3928	4
3929	3
3930	1
3931	3
3932	2
3933	0
3934	4
3935	3
3936	0
3937	4
3938	0
3939	3
3940	1
3941	4
3942	2
3943	1
3944	4
3945	4
3946	1
3947	1
3948	2
3949	1
3950	1
3951	3
3952	0
3953	4
3954	2
3955	0
3956	4
3957	0
3958	2
3959	3
3960	1
3961	3
3962	2
3963	2
3964	0
3965	2
3966	2
3967	3
3968	0
3969	1
3970	0
3971	2
3972	1
3973	3
3974	3
3975	0
3976	4
3977	4
3978	4
3979	4
3980	1
3981	4
3982	2
3983	2
3984	4
3985	2
3986	2
3987	1
3988	4
3989	4
3990	2
3991	2
3992	4
3993	4
3994	1
3995	3
3996	2
3997	3
3998	0
3999	1
4000	3
4001	3
4002	0
4003	2
4004	2
4005	2
4006	4
4007	2
4008	0
4009	0
4010	2
4011	0
4012	2
4013	2
4014	4
4015	0
4016	2
4017	1
4018	4
4019	1
4020	0
4021	3
4022	4
4023	4
4024	0
4025	1
4026	4
4027	2
4028	4
4029	2
4030	1
4031	2
4032	4
4033	1
4034	2
4035	0
4036	1
4037	0
4038	0
4039	3
4040	4
4041	1
4042	3
4043	0
4044	3
4045	3
4046	4
4047	4
4048	3
4049	4
4050	2
4051	3
4052	4
4053	3
4054	4
4055	4
4056	4
4057	3
4058	3
4059	0
4060	1
4061	4
4062	1
4063	2
4064	4
4065	0
4066	3
4067	2
4068	3
4069	4
4070	4
4071	0
4072	3
4073	0
4074	2
4075	1
4076	0
4077	1
4078	0
4079	4
4080	1
4081	2
4082	1
4083	3
4084	1
4085	0
4086	2
4087	4
4088	1
4089	2
4090	3
4091	4
4092	2
4093	2
4094	1
4095	0
4096	3
4097	4
4098	2
4099	1
4100	4
4101	2
4102	4
4103	4
4104	4
4105	0
4106	2
4107	0
4108	4
4109	1
4110	0
4111	4
4112	1
4113	1
4114	4
4115	3
4116	4
4117	0
4118	3
4119	3
4120	3
4121	2
4122	4
4123	0
4124	1
4125	1
4126	4
4127	3
4128	4
4129	3
4130	1
4131	3
4132	2
4133	2
4134	2
4135	0
4136	0
4137	2
4138	1
4139	4
4140	3
4141	4
4142	3
4143	3
4144	2
4145	3
4146	3
4147	0
4148	2
4149	0
4150	4
4151	3
4152	2
4153	1
4154	4
4155	0
4156	2
4157	1
4158	3
4159	4
4160	4
4161	2
4162	2
4163	1
4164	0
4165	1
4166	0
4167	4
4168	3
4169	1
4170	3
4171	3
4172	1
4173	2
4174	2
4175	1
4176	2
4177	4
4178	2
4179	3
4180	3
4181	4
4182	4
4183	4
4184	4
4185	3
4186	3
4187	3
4188	1
4189	4
4190	2
4191	0
4192	3
4193	3
4194	0
4195	4
4196	0
4197	0
4198	0
4199	0
4200	0
4201	1
4202	0
4203	3
4204	2
4205	4
4206	1
4207	1
4208	1
4209	4
4210	3
4211	0
4212	2
4213	2
4214	4
4215	4
4216	1
4217	3
4218	0
4219	0
4220	0
4221	1
4222	0
4223	4
4224	2
4225	2
4226	3
4227	0
4228	1
4229	3
4230	2
4231	0
4232	0
4233	2
4234	4
4235	0
4236	0
4237	0
4238	3
4239	3
4240	3
4241	1
4242	3
4243	3
4244	3
4245	3
4246	1
4247	4
4248	3
4249	0
4250	2
4251	4
4252	3
4253	3
4254	3
4255	0
4256	3
4257	3
4258	4
4259	4
4260	4
4261	2
4262	4
4263	0
4264	3
4265	3
4266	1
4267	1
4268	0
4269	4
4270	4
4271	1
4272	4
4273	1
4274	3
4275	2
4276	1
4277	3
4278	2
4279	1
4280	0
4281	2
4282	1
4283	2
4284	2
4285	2
4286	3
4287	1
4288	2
4289	0
4290	4
4291	3
4292	4
4293	0
4294	2
4295	3
4296	2
4297	4
4298	0
4299	4
4300	4
4301	1
4302	2
4303	3
4304	3
4305	1
4306	2
4307	2
4308	4
4309	2
4310	4
4311	3
4312	1
4313	2
4314	3
4315	1
4316	2
4317	4
4318	4
4319	3
4320	2
4321	1
4322	2
4323	2
4324	0
4325	2
4326	1
4327	4
4328	2
4329	2
4330	3
4331	0
4332	4
4333	2
4334	2
4335	4
4336	2
4337	0
4338	4
4339	3
4340	2
4341	3
4342	4
4343	4
4344	4
4345	2
4346	0
4347	3
4348	1
4349	2
4350	1
4351	0
4352	0
4353	0
4354	4
4355	0
4356	0
4357	2
4358	1
4359	2
4360	0
4361	1
4362	2
4363	1
4364	3
4365	4
4366	0
4367	1
4368	4
4369	0
4370	0
4371	1
4372	4
4373	4
4374	3
4375	3
4376	2
4377	4
4378	1
4379	0
4380	1
4381	1
4382	0
4383	2
4384	3
4385	3
4386	2
4387	3
4388	0
4389	3
4390	1
4391	3
4392	4
4393	3
4394	1
4395	1
4396	1
4397	2
4398	0
4399	4
4400	4
4401	3
4402	4
4403	3
4404	4
4405	4
4406	0
4407	1
4408	4
4409	2
4410	2
4411	0
4412	3
4413	1
4414	4
4415	0
4416	0
4417	1
4418	0
4419	1
4420	3
4421	1
4422	0
4423	3
4424	0
4425	0
4426	1
4427	2
4428	3
4429	3
4430	0
4431	0
4432	2
4433	2
4434	4
4435	0
4436	0
4437	4
4438	1
4439	3
4440	2
4441	4
4442	2
4443	1
4444	1
4445	2
4446	4
4447	1
4448	2
4449	1
4450	0
4451	1
4452	1
4453	2
4454	3
4455	2
4456	0
4457	2
4458	2
4459	2
4460	2
4461	0
4462	2
4463	4
4464	2
4465	2
4466	1
4467	1
4468	3
4469	0
4470	0
4471	2
4472	4
4473	1
4474	4
4475	4
4476	1
4477	4
4478	0
4479	1
4480	0
4481	2
4482	1
4483	0
4484	0
4485	0
4486	2
4487	0
4488	3
4489	1
4490	4
4491	0
4492	1
4493	4
4494	2
4495	1
4496	1
4497	0
4498	3
4499	3
4500	1
4501	1
4502	3
4503	4
4504	4
4505	4
4506	2
4507	4
4508	4
4509	2
4510	3
4511	3
4512	3
4513	3
4514	0
4515	4
4516	4
4517	1
4518	2
4519	1
4520	2
4521	0
4522	1
4523	2
4524	4
4525	0
4526	3
4527	3
4528	2
4529	2
4530	4
4531	2
4532	2
4533	0
4534	4
4535	4
4536	2
4537	3
4538	3
4539	0
4540	4
4541	0
4542	4
4543	2
4544	2
4545	1
4546	4
4547	1
4548	0
4549	4
4550	1
4551	3
4552	1
4553	4
4554	4
4555	0
4556	4
4557	4
4558	4
4559	2
4560	3
4561	4
4562	2
4563	4
4564	3
4565	4
4566	1
4567	4
4568	4
4569	4
4570	4
4571	1
4572	3
4573	2
4574	4
4575	2
4576	3
4577	0
4578	0
4579	2
4580	0
4581	1
4582	0
4583	2
4584	2
4585	1
4586	3
4587	0
4588	0
4589	0
4590	1
4591	1
4592	0
4593	1
4594	4
4595	2
4596	0
4597	2
4598	2
4599	2
4600	4
4601	2
4602	2
4603	2
4604	0
4605	3
4606	0
4607	0
4608	1
4609	2
4610	0
4611	3
4612	2
4613	1
4614	4
4615	4
4616	4
4617	0
4618	4
4619	2
4620	0
4621	4
4622	4
4623	3
4624	1
4625	2
4626	3
4627	0
4628	2
4629	2
4630	2
4631	2
4632	0
4633	3
4634	0
4635	1
4636	0
4637	1
4638	1
4639	3
4640	1
4641	0
4642	2
4643	3
4644	0
4645	2
4646	1
4647	3
4648	3
4649	1
4650	0
4651	4
4652	4
4653	1
4654	2
4655	1
4656	3
4657	1
4658	1
4659	2
4660	1
4661	1
4662	3
4663	3
4664	1
4665	0
4666	1
4667	1
4668	2
4669	3
4670	4
4671	0
4672	4
4673	0
4674	2
4675	1
4676	0
4677	4
4678	4
4679	2
4680	4
4681	0
4682	1
4683	1
4684	3
4685	1
4686	0
4687	4
4688	0
4689	4
4690	2
4691	1
4692	1
4693	4
4694	4
4695	3
4696	0
4697	1
4698	1
4699	0
4700	1
4701	3
4702	3
4703	2
4704	0
4705	3
4706	0
4707	0
4708	3
4709	0
4710	1
4711	0
4712	3
4713	4
4714	0
4715	4
4716	0
4717	4
4718	0
4719	4
4720	3
4721	3
4722	2
4723	1
4724	2
4725	2
4726	3
4727	1
4728	0
4729	2
4730	2
4731	1
4732	3
4733	3
4734	4
4735	3
4736	0
4737	2
4738	3
4739	0
4740	1
4741	3
4742	0
4743	4
4744	4
4745	3
4746	4
4747	3
4748	1
4749	1
4750	4
4751	0
4752	0
4753	1
4754	3
4755	4
4756	0
4757	1
4758	0
4759	2
4760	1
4761	3
4762	0
4763	1
4764	2
4765	0
4766	2
4767	3
4768	2
4769	1
4770	1
4771	3
4772	3
4773	1
4774	1
4775	1
4776	0
4777	1
4778	4
4779	0
4780	1
4781	4
4782	2
4783	4
4784	2
4785	3
4786	4
4787	4
4788	3
4789	2
4790	3
4791	3
4792	0
4793	4
4794	3
4795	4
4796	3
4797	2
4798	4
4799	1
4800	0
4801	4
4802	0
4803	0
4804	3
4805	0
4806	1
4807	0
4808	3
4809	2
4810	4
4811	3
4812	1
4813	4
4814	1
4815	1
4816	0
4817	3
4818	1
4819	4
4820	0
4821	4
4822	2
4823	3
4824	0
4825	3
4826	1
4827	0
4828	3
4829	0
4830	1
4831	3
4832	3
4833	3
4834	3
4835	1
4836	3
4837	0
4838	2
4839	1
4840	1
4841	1
4842	3
4843	2
4844	4
4845	3
4846	3
4847	3
4848	0
4849	1
4850	0
4851	0
4852	3
4853	2
4854	0
4855	1
4856	1
4857	3
4858	0
4859	1
4860	4
4861	4
4862	1
4863	3
4864	2
4865	0
4866	1
4867	0
4868	4
4869	1
4870	3
4871	3
4872	0
4873	3
4874	3
4875	4
4876	4
4877	4
4878	1
4879	1
4880	3
4881	4
4882	1
4883	0
4884	3
4885	1
4886	4
4887	1
4888	2
4889	4
4890	3
4891	1
4892	1
4893	3
4894	4
4895	3
4896	0
4897	1
4898	1
4899	2
4900	1
4901	0
4902	0
4903	4
4904	4
4905	0
4906	0
4907	0
4908	2
4909	1
4910	3
4911	3
4912	3
4913	3
4914	0
4915	2
4916	3
4917	4
4918	0
4919	2
4920	2
4921	4
4922	3
4923	4
4924	4
4925	1
4926	4
4927	0
4928	3
4929	2
4930	1
4931	4
4932	4
4933	0
4934	1
4935	4
4936	1
4937	2
4938	4
4939	0
4940	0
4941	0
4942	0
4943	1
4944	1
4945	3
4946	1
4947	3
4948	3
4949	0
4950	2
4951	3
4952	1
4953	4
4954	1
4955	2
4956	0
4957	2
4958	3
4959	0
4960	1
4961	0
4962	2
4963	0
4964	1
4965	3
4966	3
4967	0
4968	2
4969	3
4970	1
4971	1
4972	2
4973	2
4974	3
4975	4
4976	1
4977	1
4978	1
4979	3
4980	0
4981	4
4982	3
4983	1
4984	3
4985	3
4986	0
4987	1
4988	2
4989	1
4990	2
4991	3
4992	2
4993	4
4994	1
4995	3
4996	4
4997	3
4998	4
4999	2
