,Size,Life Span,ROG,Type,Name,Label
1,18,0.9,2.4540661978786846,unbiased,unbiased_15,True
2,6,0.55,1.0732864839923124,unbiased,unbiased_336,True
9,5,0.3,0.8423406652136803,unbiased,unbiased_336,True
7,7,0.3,1.1919338713638012,unbiased,unbiased_42,True
5,11,0.5,1.462091151150565,unbiased,unbiased_361,True
1,4,0.15,0.8465233618713902,unbiased,unbiased_224,True
2,4,0.2,0.49514096936595503,unbiased,unbiased_224,True
1,3,0.6,1.123299507676508,unbiased,unbiased_377,True
3,5,0.65,1.0299966551462076,unbiased,unbiased_377,True
6,8,0.65,1.4094621981048887,unbiased,unbiased_377,True
3,12,0.8,1.6264956279726623,unbiased,unbiased_398,True
2,5,0.4,0.9036517286783274,unbiased,unbiased_232,True
5,4,0.15,0.809737484928178,unbiased,unbiased_232,True
6,13,0.8,1.1010317256593949,unbiased,unbiased_320,True
6,6,0.25,1.019659286235323,unbiased,unbiased_78,True
12,8,0.35,1.1901074832817586,unbiased,unbiased_137,True
8,6,0.25,0.9236921907001849,unbiased,unbiased_249,True
1,5,0.25,0.5996291987882267,unbiased,unbiased_199,True
7,6,0.3,0.8378810439775584,unbiased,unbiased_199,True
8,9,0.45,1.3376385516353662,unbiased,unbiased_81,True
3,8,0.4,0.9869341473187928,unbiased,unbiased_208,True
1,6,0.25,0.9735893330240201,unbiased,unbiased_290,True
5,6,0.25,0.9318502878367605,unbiased,unbiased_19,True
7,8,0.35,1.5367939075767987,unbiased,unbiased_156,True
10,8,0.35,1.4223198830498116,unbiased,unbiased_382,True
7,9,0.85,1.4414222611485459,unbiased,unbiased_228,True
3,9,0.6,1.0291449501068968,unbiased,unbiased_101,True
5,3,0.3,0.6344001534185426,unbiased,unbiased_101,True
8,8,0.6,0.7812272777404218,unbiased,unbiased_1,True
1,6,0.8,0.5771907084388597,unbiased,unbiased_58,True
6,6,0.4,0.853614423048734,unbiased,unbiased_117,True
0,12,0.55,1.8109011526528582,unbiased,unbiased_286,True
4,4,0.9,0.46890643154294637,unbiased,unbiased_286,True
3,7,0.35,1.0674974870231688,unbiased,unbiased_140,True
4,7,0.4,1.11659343518704,unbiased,unbiased_140,True
10,7,0.35,1.034781030808145,unbiased,unbiased_212,True
4,8,0.8,0.8208968787244594,unbiased,unbiased_245,True
8,5,0.9,0.6769513506940517,unbiased,unbiased_245,True
11,7,0.4,0.8724260562515941,unbiased,unbiased_23,True
4,14,0.8,1.775198201369414,unbiased,unbiased_316,True
0,9,0.9,1.0986117841883107,unbiased,unbiased_195,True
1,7,0.45,0.7944935366213087,unbiased,unbiased_195,True
6,5,0.5,1.2233329808182007,unbiased,unbiased_35,True
9,6,0.25,1.1196581790765006,unbiased,unbiased_35,True
7,11,0.6,1.2810321769389836,unbiased,unbiased_204,True
3,4,0.15,0.7905065182036018,unbiased,unbiased_341,True
5,7,0.55,0.9913400745717729,unbiased,unbiased_341,True
0,5,0.25,0.5605810448587845,unbiased,unbiased_62,True
2,10,0.75,1.457963508415854,unbiased,unbiased_62,True
1,13,0.9,2.227597617784118,unbiased,unbiased_63,True
4,4,0.25,0.670991796844273,unbiased,unbiased_63,True
5,12,0.65,1.8712492108665624,unbiased,unbiased_340,True
7,10,0.6,1.3442680554198065,unbiased,unbiased_34,True
1,12,0.95,1.833534883446993,unbiased,unbiased_252,True
13,5,0.2,1.034290296513012,unbiased,unbiased_317,True
10,9,0.45,0.8717278815760365,unbiased,unbiased_182,True
13,4,0.6,0.6241064896288411,unbiased,unbiased_301,True
10,5,0.2,0.6932982986426005,unbiased,unbiased_75,True
1,6,0.25,1.0970339723073759,unbiased,unbiased_213,True
14,5,0.2,0.5888611147018867,unbiased,unbiased_141,True
3,5,0.3,0.9621609373408402,unbiased,unbiased_287,True
4,11,0.9,1.1971773075002425,unbiased,unbiased_287,True
9,9,0.8,1.0147452169342548,unbiased,unbiased_59,True
7,7,0.5,0.9879554284160919,unbiased,unbiased_116,True
4,11,0.7,1.163563434113627,unbiased,unbiased_395,True
5,3,0.45,0.49202159953767566,unbiased,unbiased_395,True
0,9,0.65,1.3661266779373773,unbiased,unbiased_100,True
6,6,0.85,0.934849987116603,unbiased,unbiased_100,True
3,4,0.7,1.1113865881971439,unbiased,unbiased_383,True
6,8,0.5,1.0627873121712055,unbiased,unbiased_383,True
9,8,0.35,1.1503469692922974,unbiased,unbiased_229,True
4,7,0.3,1.0849174446481833,unbiased,unbiased_18,True
6,9,0.5,1.097893975645839,unbiased,unbiased_157,True
15,4,0.2,0.7050224044457425,unbiased,unbiased_291,True
0,14,0.85,2.380222452960404,unbiased,unbiased_209,True
3,3,0.1,0.37977273756206154,unbiased,unbiased_209,True
0,6,0.6,1.1589993239420415,unbiased,unbiased_120,True
1,3,0.1,0.6609482362951552,unbiased,unbiased_120,True
6,5,0.75,0.8917229283997978,unbiased,unbiased_120,True
8,5,0.3,0.7861243952423044,unbiased,unbiased_198,True
8,5,0.4,0.5381910095353666,unbiased,unbiased_38,True
2,18,0.85,2.797980615207956,unbiased,unbiased_248,True
11,7,0.4,0.9393223891623955,unbiased,unbiased_321,True
1,13,0.6,1.7364670694589501,unbiased,unbiased_264,True
0,8,0.95,1.319265638892538,unbiased,unbiased_376,True
1,8,0.35,0.7533384188788793,unbiased,unbiased_376,True
3,3,0.6,0.9318440130949436,unbiased,unbiased_376,True
5,8,0.45,0.659940914262946,unbiased,unbiased_399,True
0,5,0.45,0.6469393731566355,unbiased,unbiased_233,True
2,13,0.9,1.4655587266894912,unbiased,unbiased_233,True
2,6,0.9,0.9105703333478294,unbiased,unbiased_360,True
3,8,0.45,1.3744776201258841,unbiased,unbiased_360,True
2,5,0.2,0.8524337900339821,unbiased,unbiased_225,True
1,12,0.7,1.5513206179902568,unbiased,unbiased_43,True
4,6,0.75,0.7340605110040083,unbiased,unbiased_337,True
5,10,0.45,1.3163654738967678,unbiased,unbiased_337,True
8,12,0.55,1.9390635703830652,unbiased,unbiased_272,True
2,6,0.25,1.6342978818134921,unbiased,unbiased_14,True
3,12,0.55,2.0518445623606727,unbiased,unbiased_14,True
7,5,0.2,0.6028836144557674,unbiased,unbiased_296,True
13,5,0.3,0.7348497453801468,unbiased,unbiased_279,True
2,11,0.5,1.5796271239526742,unbiased,unbiased_150,True
3,7,0.85,1.184308009058554,unbiased,unbiased_150,True
8,5,0.45,0.6589621191937143,unbiased,unbiased_384,True
3,10,0.85,1.1733295471712903,unbiased,unbiased_48,True
5,7,0.3,0.7925333716772217,unbiased,unbiased_107,True
6,8,0.35,1.3485952607300313,unbiased,unbiased_107,True
9,9,0.65,1.392964801183443,unbiased,unbiased_7,True
7,11,0.65,1.2608862792109525,unbiased,unbiased_238,True
6,6,0.25,1.0390963980463392,unbiased,unbiased_392,True
1,8,0.55,0.9390540721600931,unbiased,unbiased_280,True
2,4,0.5,0.9004849377991833,unbiased,unbiased_146,True
3,6,0.85,1.0099910436679922,unbiased,unbiased_146,True
5,7,0.3,1.0123054156532478,unbiased,unbiased_146,True
2,6,0.9,0.9519624997738997,unbiased,unbiased_214,True
3,4,0.2,0.5811390988341368,unbiased,unbiased_214,True
4,8,0.65,1.0837510444990617,unbiased,unbiased_214,True
2,8,0.4,1.3033239684016582,unbiased,unbiased_351,True
3,8,0.4,1.0923181581609112,unbiased,unbiased_72,True
4,3,0.55,0.5803207974753907,unbiased,unbiased_72,True
0,8,0.6,1.2703700858664047,unbiased,unbiased_306,True
6,5,0.3,0.719530939100123,unbiased,unbiased_306,True
4,6,0.45,0.9575097618755691,unbiased,unbiased_185,True
9,5,0.25,0.6179546941472499,unbiased,unbiased_185,True
0,18,0.95,2.74815556911421,unbiased,unbiased_25,True
3,15,0.8,1.7677538024172113,unbiased,unbiased_310,True
6,5,0.3,0.6988858319789638,unbiased,unbiased_193,True
9,6,0.25,0.9602077247346993,unbiased,unbiased_193,True
1,13,0.9,1.4344346566170059,unbiased,unbiased_347,True
3,5,0.55,0.8274548436616864,unbiased,unbiased_347,True
2,14,0.95,2.113798418080207,unbiased,unbiased_64,True
6,6,0.4,0.8088561015032844,unbiased,unbiased_13,True
7,6,0.6,1.2042140548019853,unbiased,unbiased_13,True
2,6,0.35,0.6649331715262676,unbiased,unbiased_44,True
1,5,0.25,1.205609955891848,unbiased,unbiased_52,True
3,10,0.95,2.326808038784005,unbiased,unbiased_52,True
7,13,0.6,1.790559334418596,unbiased,unbiased_371,True
12,4,0.25,0.9874810934403127,unbiased,unbiased_234,True
0,6,0.45,0.6888211087811839,unbiased,unbiased_326,True
6,14,0.95,1.936608002563187,unbiased,unbiased_263,True
4,5,0.4,0.8009615990096274,unbiased,unbiased_91,True
11,4,0.35,0.4143144244269617,unbiased,unbiased_91,True
9,5,0.55,0.5658760039578716,unbiased,unbiased_131,True
10,4,0.2,0.6204615786142339,unbiased,unbiased_131,True
10,7,0.5,1.0372298254935899,unbiased,unbiased_218,True
2,9,0.75,1.0305086126264449,unbiased,unbiased_29,True
5,4,0.95,0.8900618437107094,unbiased,unbiased_29,True
2,7,0.35,1.5309161064776848,unbiased,unbiased_166,True
6,7,0.5,1.1885358683428806,unbiased,unbiased_166,True
9,5,0.5,0.7725165273607495,unbiased,unbiased_259,True
0,13,0.95,2.432222528949743,unbiased,unbiased_87,True
1,6,0.3,0.7748314234967337,unbiased,unbiased_87,True
8,10,0.55,1.3693782601728315,unbiased,unbiased_68,True
10,4,0.2,0.4456481135798305,unbiased,unbiased_86,True
2,5,0.2,0.9438871900064774,unbiased,unbiased_69,True
3,12,0.85,1.6997825715537127,unbiased,unbiased_69,True
1,6,0.45,1.046247442542174,unbiased,unbiased_258,True
8,8,0.35,1.2592239199789084,unbiased,unbiased_171,True
2,3,0.35,0.35024679757077304,unbiased,unbiased_188,True
6,5,0.3,0.885376043390939,unbiased,unbiased_188,True
10,4,0.3,0.4897517316655101,unbiased,unbiased_188,True
11,7,0.4,1.4588914058927187,unbiased,unbiased_167,True
2,11,0.65,1.375904272513119,unbiased,unbiased_130,True
3,5,0.9,0.8709585032227561,unbiased,unbiased_130,True
2,5,0.2,0.7174216742321597,unbiased,unbiased_327,True
7,4,0.4,0.9069856603557855,unbiased,unbiased_327,True
8,5,0.2,1.0221941193315554,unbiased,unbiased_327,True
9,11,0.5,1.628323032259681,unbiased,unbiased_223,True
3,5,0.2,0.5363574366888861,unbiased,unbiased_389,True
4,8,0.4,0.9790190014984281,unbiased,unbiased_45,True
3,5,0.2,0.8245772118751898,unbiased,unbiased_331,True
1,7,0.75,1.0696141941467867,unbiased,unbiased_274,True
6,5,0.75,0.9342340778550549,unbiased,unbiased_274,True
5,11,0.6,1.424327740699685,unbiased,unbiased_32,True
1,11,0.55,1.6254327519244511,unbiased,unbiased_254,True
3,6,0.25,1.1904708446834962,unbiased,unbiased_254,True
4,9,0.45,1.2526027889760047,unbiased,unbiased_311,True
12,5,0.3,0.4813310606695546,unbiased,unbiased_184,True
6,10,0.5,2.0137747363208924,unbiased,unbiased_242,True
4,6,0.3,0.9401902679549983,unbiased,unbiased_73,True
1,9,0.4,1.3895643024390067,unbiased,unbiased_215,True
6,5,0.2,0.6135452939206201,unbiased,unbiased_281,True
7,9,0.65,1.2559092732470392,unbiased,unbiased_281,True
5,13,0.65,1.6520713363227857,unbiased,unbiased_110,True
4,13,0.7,1.2275497211874864,unbiased,unbiased_6,True
16,4,0.15,0.5563531597492759,unbiased,unbiased_239,True
5,5,0.65,0.5703970696104806,unbiased,unbiased_49,True
7,9,0.5,0.9676335678087636,unbiased,unbiased_49,True
9,4,0.15,0.8386824180682078,unbiased,unbiased_66,True
2,7,0.65,0.9364338335564842,unbiased,unbiased_345,True
7,4,0.25,0.5370317081716744,unbiased,unbiased_345,True
1,6,0.25,0.8219030438552684,unbiased,unbiased_191,True
2,13,0.9,2.7971070240032496,unbiased,unbiased_191,True
2,10,0.5,1.8225789983143081,unbiased,unbiased_312,True
4,5,0.35,0.85459548369199,unbiased,unbiased_312,True
12,4,0.25,0.3831690208461918,unbiased,unbiased_257,True
14,4,0.2,0.9463986588030673,unbiased,unbiased_27,True
11,9,0.4,1.3962148803492866,unbiased,unbiased_168,True
8,5,0.4,0.4750386043031248,unbiased,unbiased_187,True
5,13,0.7,1.5851722013764526,unbiased,unbiased_304,True
4,7,0.35,1.4129374693553893,unbiased,unbiased_241,True
7,7,0.35,1.1238679983887017,unbiased,unbiased_241,True
5,13,0.7,1.3333903956271889,unbiased,unbiased_70,True
0,6,0.45,0.7229899672087736,unbiased,unbiased_353,True
4,4,0.15,0.7869648861425756,unbiased,unbiased_353,True
6,4,0.25,0.5547041513883919,unbiased,unbiased_353,True
6,4,0.15,0.487933113557128,unbiased,unbiased_216,True
1,4,0.2,0.4632331966171206,unbiased,unbiased_282,True
4,8,0.4,1.4257059691413336,unbiased,unbiased_328,True
5,8,0.7,0.9544628027822117,unbiased,unbiased_328,True
2,7,0.35,1.2757957507230264,unbiased,unbiased_113,True
3,8,0.5,1.1900069530383675,unbiased,unbiased_113,True
1,12,0.55,1.9458791946185126,unbiased,unbiased_390,True
8,8,0.7,1.1277093300344152,unbiased,unbiased_5,True
0,6,0.25,1.073355471909253,unbiased,unbiased_105,True
1,9,0.95,1.4247957434389864,unbiased,unbiased_105,True
3,4,0.15,0.436593345118317,unbiased,unbiased_105,True
6,6,0.5,0.9617426878315393,unbiased,unbiased_369,True
9,5,0.25,0.8627121727443376,unbiased,unbiased_369,True
4,4,0.2,1.342055862672527,unbiased,unbiased_294,True
5,3,0.55,0.9433561384585761,unbiased,unbiased_294,True
11,8,0.65,0.9687008545409068,unbiased,unbiased_172,True
7,6,0.25,1.407087560033932,unbiased,unbiased_308,True
0,8,0.4,1.1645365185409695,unbiased,unbiased_164,True
2,9,0.85,1.6396148524759377,unbiased,unbiased_164,True
0,5,0.55,0.5385650510563624,unbiased,unbiased_133,True
7,5,0.2,0.8666616809894648,unbiased,unbiased_93,True
9,4,0.15,0.4843103136095229,unbiased,unbiased_93,True
11,4,0.2,0.3767039431550477,unbiased,unbiased_261,True
3,5,0.4,0.9551234419223413,unbiased,unbiased_324,True
5,4,0.15,0.42933430717222504,unbiased,unbiased_324,True
3,16,0.9,2.5237135660895,unbiased,unbiased_148,True
10,6,0.25,1.1108441174904167,unbiased,unbiased_9,True
5,7,0.4,1.4566167719863112,unbiased,unbiased_220,True
6,7,0.4,0.9057152652077975,unbiased,unbiased_220,True
6,8,0.65,0.8392377188484293,unbiased,unbiased_46,True
6,14,0.75,1.889594974501567,unbiased,unbiased_277,True
6,4,0.15,0.5670374751157019,unbiased,unbiased_332,True
7,4,0.3,1.3644990864587159,unbiased,unbiased_299,True
10,4,0.2,1.030419995608612,unbiased,unbiased_299,True
3,17,0.8,2.0958513138811212,unbiased,unbiased_333,True
4,15,0.7,2.2954867301174264,unbiased,unbiased_47,True
12,7,0.65,0.7391619755195125,unbiased,unbiased_108,True
6,6,0.35,0.9701520156494519,unbiased,unbiased_221,True
7,7,0.45,0.9240990375844684,unbiased,unbiased_221,True
8,4,0.35,0.8621459027379398,unbiased,unbiased_364,True
12,4,0.4,1.1318390849128672,unbiased,unbiased_364,True
13,7,0.3,1.1656240214365516,unbiased,unbiased_51,True
8,11,0.55,1.4916693844488398,unbiased,unbiased_8,True
4,12,0.85,1.434739767849835,unbiased,unbiased_372,True
5,4,0.35,1.0081413765469993,unbiased,unbiased_372,True
12,6,0.25,1.144536489395777,unbiased,unbiased_260,True
11,4,0.25,0.5287793777597584,unbiased,unbiased_165,True
1,6,0.4,0.7645514722710892,unbiased,unbiased_309,True
5,10,0.65,1.1366122188133172,unbiased,unbiased_173,True
0,13,0.6,1.9306712034753735,unbiased,unbiased_124,True
2,5,0.2,1.117328817769228,unbiased,unbiased_124,True
5,4,0.25,0.7809735957260036,unbiased,unbiased_84,True
9,8,0.95,0.7854033365175173,unbiased,unbiased_84,True
5,8,0.4,1.1440667968966554,unbiased,unbiased_348,True
0,6,0.4,0.6351465363964627,unbiased,unbiased_295,True
7,6,0.4,1.2283350743274333,unbiased,unbiased_295,True
5,12,0.85,1.4281634339891818,unbiased,unbiased_153,True
0,12,0.65,1.7368816801063645,unbiased,unbiased_104,True
10,4,0.5,0.8009696670321822,unbiased,unbiased_391,True
14,5,0.35,0.9706652925039633,unbiased,unbiased_4,True
1,7,0.3,0.8587582589032735,unbiased,unbiased_283,True
2,10,0.45,1.806194376345462,unbiased,unbiased_283,True
1,4,0.2,0.5960707177085256,unbiased,unbiased_329,True
4,6,0.5,0.7409744605137819,unbiased,unbiased_145,True
5,9,0.95,1.0418826390280376,unbiased,unbiased_145,True
2,18,0.95,2.251439144607119,unbiased,unbiased_71,True
4,8,0.45,1.325868520036535,unbiased,unbiased_240,True
10,6,0.25,0.8877670944899617,unbiased,unbiased_26,True
11,4,0.15,1.0307553396104494,unbiased,unbiased_26,True
2,8,0.95,1.244156000501473,unbiased,unbiased_169,True
3,10,0.5,1.734871545851905,unbiased,unbiased_169,True
12,7,0.4,0.6163771780816241,unbiased,unbiased_186,True
2,10,0.45,1.7537686804844905,unbiased,unbiased_190,True
15,4,0.35,0.6258307575428987,unbiased,unbiased_344,True
1,7,0.4,0.9691394179046536,unbiased,unbiased_201,True
7,6,0.35,1.1295253135407928,unbiased,unbiased_201,True
5,14,0.9,1.4960375437348183,unbiased,unbiased_67,True
0,9,0.9,1.2092889093282868,unbiased,unbiased_128,True
3,7,0.6,0.7577509777904817,unbiased,unbiased_123,True
8,4,0.4,0.24222103971955272,unbiased,unbiased_83,True
11,5,0.3,0.8616778825058259,unbiased,unbiased_83,True
3,4,0.6,0.843968333829645,unbiased,unbiased_318,True
8,7,0.55,0.5715756330980702,unbiased,unbiased_318,True
5,6,0.75,0.9575059059544586,unbiased,unbiased_174,True
7,8,0.85,0.7698446557017081,unbiased,unbiased_174,True
5,7,0.3,1.3834520952746763,unbiased,unbiased_162,True
7,7,0.3,0.9327573018496659,unbiased,unbiased_162,True
10,4,0.15,0.5247216875110565,unbiased,unbiased_359,True
10,9,0.55,1.6586123253655722,unbiased,unbiased_95,True
6,5,0.2,0.8587583142680152,unbiased,unbiased_267,True
12,5,0.35,0.40217578399431203,unbiased,unbiased_288,True
3,5,0.2,1.0471893193068884,unbiased,unbiased_230,True
5,11,0.5,1.6241719219083646,unbiased,unbiased_375,True
9,4,0.15,1.0551085821947777,unbiased,unbiased_119,True
10,7,0.3,1.1447101196100977,unbiased,unbiased_119,True
1,12,0.9,1.7691394028408178,unbiased,unbiased_226,True
15,5,0.9,0.4892293618506275,unbiased,unbiased_363,True
0,5,0.9,0.9246895652384949,unbiased,unbiased_40,True
3,12,0.65,1.6643774598143997,unbiased,unbiased_40,True
7,3,0.1,0.548095192848474,unbiased,unbiased_271,True
9,8,0.8,1.1540922549835566,unbiased,unbiased_271,True
7,4,0.15,0.6049533553374568,unbiased,unbiased_334,True
7,9,0.4,1.187443163894484,unbiased,unbiased_158,True
2,7,0.4,0.719790326258938,unbiased,unbiased_60,True
16,4,0.15,0.4515298140319671,unbiased,unbiased_343,True
11,8,0.4,1.2154091571612975,unbiased,unbiased_37,True
0,15,0.95,1.7269004248791038,unbiased,unbiased_178,True
3,3,0.1,0.8367880609088808,unbiased,unbiased_178,True
3,14,0.75,1.4825649868328132,unbiased,unbiased_251,True
5,6,0.25,1.413452840375351,unbiased,unbiased_21,True
0,7,0.7,0.9007488853004687,unbiased,unbiased_302,True
5,8,0.45,0.9924798573288803,unbiased,unbiased_302,True
6,13,0.7,2.144341004689419,unbiased,unbiased_247,True
4,5,0.8,1.1087312999311965,unbiased,unbiased_210,True
7,9,0.85,1.2692758150655399,unbiased,unbiased_210,True
10,4,0.3,0.42839108567676554,unbiased,unbiased_142,True
8,4,0.15,0.5732984145972877,unbiased,unbiased_284,True
0,5,0.25,0.6062492642200688,unbiased,unbiased_400,True
7,9,0.45,1.2107020628879328,unbiased,unbiased_115,True
9,5,0.45,0.7202627695400046,unbiased,unbiased_379,True
2,5,0.2,0.7399612477197194,unbiased,unbiased_103,True
6,10,0.45,1.344396207455922,unbiased,unbiased_103,True
12,8,0.35,1.5389116923144726,unbiased,unbiased_380,True
2,6,0.25,0.7050755930562809,unbiased,unbiased_154,True
6,5,0.2,0.6418366940230495,unbiased,unbiased_154,True
2,4,0.3,0.6957634112992458,unbiased,unbiased_338,True
7,5,0.2,0.6493858044321004,unbiased,unbiased_339,True
2,8,0.65,0.6781797289016662,unbiased,unbiased_293,True
1,19,0.9,3.2506030069425247,unbiased,unbiased_381,True
0,9,0.75,1.439159972634129,unbiased,unbiased_102,True
13,6,0.55,0.5160046355168375,unbiased,unbiased_2,True
6,13,0.9,1.016974760939655,unbiased,unbiased_114,True
12,8,0.4,1.0815971317045898,unbiased,unbiased_143,True
2,9,0.65,1.1205209945071641,unbiased,unbiased_211,True
4,8,0.75,1.0438433649858219,unbiased,unbiased_211,True
9,5,0.4,0.6638594898444272,unbiased,unbiased_138,True
1,3,0.1,0.4891027996755741,unbiased,unbiased_303,True
5,13,0.8,2.4794277639681805,unbiased,unbiased_303,True
0,11,0.75,1.5194395727505892,unbiased,unbiased_246,True
10,6,0.35,0.7024136978548811,unbiased,unbiased_20,True
1,8,0.65,1.4318515330848234,unbiased,unbiased_315,True
6,5,0.2,0.7386465988423385,unbiased,unbiased_315,True
7,12,0.6,1.857804995973297,unbiased,unbiased_250,True
0,10,0.95,1.7222965393569478,unbiased,unbiased_36,True
1,9,0.4,0.6262280796071975,unbiased,unbiased_36,True
2,11,0.85,1.203754036897472,unbiased,unbiased_179,True
10,7,0.5,0.95918750807472,unbiased,unbiased_196,True
5,3,0.2,1.0929845149098738,unbiased,unbiased_342,True
7,8,0.45,0.8116475581009261,unbiased,unbiased_342,True
5,6,0.45,0.8917368983531452,unbiased,unbiased_207,True
7,6,0.5,0.5251189046544995,unbiased,unbiased_207,True
3,9,0.4,1.522698168095424,unbiased,unbiased_61,True
12,7,0.5,0.9599460334138301,unbiased,unbiased_16,True
7,4,0.25,1.0454475441648032,unbiased,unbiased_159,True
9,8,0.45,1.4679631432748543,unbiased,unbiased_159,True
0,14,0.95,2.040213911778131,unbiased,unbiased_270,True
1,5,0.2,0.6607929758786731,unbiased,unbiased_270,True
5,4,0.15,0.7604041023674932,unbiased,unbiased_335,True
6,10,0.45,1.8921043936177386,unbiased,unbiased_335,True
11,7,0.4,1.128724942442957,unbiased,unbiased_41,True
3,5,0.5,0.6397683002786378,unbiased,unbiased_227,True
8,9,0.55,1.1209563893038546,unbiased,unbiased_57,True
1,7,0.45,1.19429398229581,unbiased,unbiased_118,True
3,9,0.95,1.0661770417034537,unbiased,unbiased_118,True
6,11,0.5,1.7663441591807834,unbiased,unbiased_231,True
3,10,0.45,1.586001043952573,unbiased,unbiased_374,True
11,8,0.35,1.5534956594466893,unbiased,unbiased_323,True
1,10,0.45,1.013636845981422,unbiased,unbiased_134,True
4,3,0.15,1.0901207955423589,unbiased,unbiased_134,True
0,7,0.65,0.9306111582180767,unbiased,unbiased_94,True
13,7,0.3,1.2397752635901726,unbiased,unbiased_358,True
0,7,0.3,1.1702361073277838,unbiased,unbiased_163,True
5,9,0.4,1.1254683462705484,unbiased,unbiased_163,True
6,8,0.65,1.2802752563769,unbiased,unbiased_175,True
7,6,0.25,1.047356379977685,unbiased,unbiased_175,True
10,5,0.35,0.45237275991817094,unbiased,unbiased_319,True
1,10,0.75,1.5134005665567278,unbiased,unbiased_82,True
2,8,0.75,0.42751065130694815,unbiased,unbiased_82,True
2,6,0.9,0.7379425110114792,zebrafish,zebrafish_40,True
8,5,0.3,0.669404031965458,zebrafish,zebrafish_148,True
4,6,0.3,0.5093751748174442,zebrafish,zebrafish_109,True
7,4,0.15,0.828724724633559,zebrafish,zebrafish_56,True
15,4,0.15,0.6480852656340247,zebrafish,zebrafish_125,True
8,6,0.25,0.8013123952326914,zebrafish,zebrafish_95,True
5,6,0.3,0.8385419729113447,zebrafish,zebrafish_133,True
9,5,0.2,0.9395122487301087,zebrafish,zebrafish_133,True
10,9,0.45,1.1771089775799513,zebrafish,zebrafish_83,True
6,4,0.15,1.4320691413939908,zebrafish,zebrafish_113,True
8,4,0.25,0.4569382574241358,zebrafish,zebrafish_144,True
6,7,0.55,0.9508343986055964,zebrafish,zebrafish_152,True
13,7,0.3,0.8842339496195681,zebrafish,zebrafish_21,True
0,8,0.95,1.2267757685537817,zebrafish,zebrafish_9,True
0,7,0.65,0.8846328848132616,zebrafish,zebrafish_76,True
7,6,0.5,0.9236442077851649,zebrafish,zebrafish_76,True
7,5,0.2,0.4904160728372286,zebrafish,zebrafish_99,True
14,5,0.3,0.8234810660379661,zebrafish,zebrafish_37,True
5,12,0.65,1.4780804266678806,zebrafish,zebrafish_36,True
2,9,0.45,0.9491766349670132,zebrafish,zebrafish_61,True
6,5,0.3,1.0259468952925417,zebrafish,zebrafish_61,True
4,4,0.21052631578947367,0.31836890052715205,zebrafish,zebrafish_128,True
16,4,0.3,0.5179006078919847,zebrafish,zebrafish_77,True
0,5,0.2,0.7441239559182032,zebrafish,zebrafish_98,True
6,8,0.35,1.1999754199778343,zebrafish,zebrafish_98,True
4,5,0.25,0.7302579123080493,zebrafish,zebrafish_8,True
8,6,0.4,0.5510056403125766,zebrafish,zebrafish_8,True
0,6,0.4,0.6464145613976932,zebrafish,zebrafish_20,True
2,7,0.75,1.1573784680786348,zebrafish,zebrafish_20,True
11,7,0.35,0.8361348791133582,zebrafish,zebrafish_153,True
2,7,0.35,0.9035000881549157,zebrafish,zebrafish_112,True
7,6,0.3,0.6990756780472377,zebrafish,zebrafish_112,True
4,5,0.25,0.6981781651707398,zebrafish,zebrafish_82,True
5,4,0.2,0.46059228191358215,zebrafish,zebrafish_124,True
1,6,0.85,0.438657252435364,zebrafish,zebrafish_94,True
4,4,0.7,0.513793065487949,zebrafish,zebrafish_94,True
2,4,0.15,0.6407464221510579,zebrafish,zebrafish_4,True
2,7,0.9,0.6027535784902196,zebrafish,zebrafish_149,True
4,15,0.85,1.6178530554178059,zebrafish,zebrafish_16,True
7,5,0.2,0.27694355564301837,zebrafish,zebrafish_41,True
2,4,0.15,0.48674209107804656,zebrafish,zebrafish_115,True
6,8,0.4,0.9944205244070364,zebrafish,zebrafish_115,True
1,6,0.5,1.211594036912294,zebrafish,zebrafish_142,True
9,5,0.35,0.6029050805453215,zebrafish,zebrafish_142,True
7,7,0.3,1.1762203388717845,zebrafish,zebrafish_154,True
16,4,0.15,0.41202138587852394,zebrafish,zebrafish_103,True
3,17,0.9,2.171277955223377,zebrafish,zebrafish_27,True
7,3,0.1,0.166743443310467,zebrafish,zebrafish_70,True
8,5,0.35,1.3169485986813192,zebrafish,zebrafish_70,True
9,5,0.4,0.588667503560275,zebrafish,zebrafish_70,True
3,5,0.3,0.6271046440404265,zebrafish,zebrafish_139,True
9,7,0.55,1.1579120136704186,zebrafish,zebrafish_139,True
0,11,0.75,1.1405999715769675,zebrafish,zebrafish_66,True
6,3,0.2,0.46558483379057247,zebrafish,zebrafish_66,True
6,6,0.55,0.86834281825665,zebrafish,zebrafish_89,True
9,4,0.35,0.5269153748489284,zebrafish,zebrafish_89,True
12,7,0.4,1.110127310924959,zebrafish,zebrafish_119,True
9,6,0.85,0.4518316062968763,zebrafish,zebrafish_46,True
10,4,0.45,0.4085469298099736,zebrafish,zebrafish_46,True
12,8,0.5,1.015558759761034,zebrafish,zebrafish_11,True
13,4,0.2,0.5262648099020284,zebrafish,zebrafish_158,True
0,5,0.9,0.6769191151352518,zebrafish,zebrafish_3,True
1,3,0.15,0.5654016546913739,zebrafish,zebrafish_3,True
8,6,0.55,0.6583398118997041,zebrafish,zebrafish_3,True
3,5,0.25,0.5793415199106401,zebrafish,zebrafish_93,True
0,3,0.1,0.5020911852056688,zebrafish,zebrafish_162,True
5,4,0.15,0.6151541469025708,zebrafish,zebrafish_162,True
12,6,0.35,0.7482738639783638,zebrafish,zebrafish_92,True
9,11,0.5,1.5563782041946932,zebrafish,zebrafish_2,True
4,14,0.75,1.6245733935487843,zebrafish,zebrafish_51,True
2,6,0.45,0.7380666582422453,zebrafish,zebrafish_159,True
4,6,0.85,0.6653779774246827,zebrafish,zebrafish_159,True
0,4,0.25,0.5987412976256085,zebrafish,zebrafish_10,True
1,4,0.35,1.0120598412197312,zebrafish,zebrafish_10,True
9,4,0.15,0.5534723301677762,zebrafish,zebrafish_10,True
2,15,0.7,1.6489016012151816,zebrafish,zebrafish_118,True
3,3,0.1,1.0038400909165626,zebrafish,zebrafish_118,True
2,6,0.35,0.7086572551720848,zebrafish,zebrafish_47,True
3,6,0.35,0.8400275247426918,zebrafish,zebrafish_47,True
14,6,0.25,0.7834199448742227,zebrafish,zebrafish_30,True
11,6,0.4,0.7349750155892371,zebrafish,zebrafish_138,True
0,4,0.5,0.7856038556086224,zebrafish,zebrafish_67,True
6,5,0.2,0.7574659852951118,zebrafish,zebrafish_67,True
7,5,0.3,0.6394790229966751,zebrafish,zebrafish_67,True
5,5,0.25,0.5753097673618132,zebrafish,zebrafish_88,True
6,7,0.35,0.5288197057903531,zebrafish,zebrafish_71,True
2,6,0.5,1.3972657086133466,zebrafish,zebrafish_26,True
9,4,0.85,0.9642333814094609,zebrafish,zebrafish_26,True
16,4,0.15,0.4163299849775694,zebrafish,zebrafish_102,True
4,8,0.4,0.6878162528828361,zebrafish,zebrafish_155,True
6,7,0.3,0.8483445615373266,zebrafish,zebrafish_155,True
9,10,0.7,1.0507960772076717,zebrafish,zebrafish_114,True
2,6,0.35,1.066121523144844,zebrafish,zebrafish_33,True
3,5,0.25,0.8290182429321669,zebrafish,zebrafish_33,True
7,4,0.15,0.48754615686754205,zebrafish,zebrafish_64,True
6,8,0.45,1.0345911844930578,zebrafish,zebrafish_72,True
14,5,0.4,0.6738858354494935,zebrafish,zebrafish_101,True
5,4,0.7,0.5713296140568849,zebrafish,zebrafish_156,True
7,4,0.15,0.5697914212290988,zebrafish,zebrafish_140,True
1,5,0.3,0.6040342545764945,zebrafish,zebrafish_117,True
1,5,0.6,0.9778087222923582,zebrafish,zebrafish_48,True
4,6,0.35,0.4753933879378026,zebrafish,zebrafish_48,True
1,6,0.35,0.5585392649025529,zebrafish,zebrafish_160,True
2,5,0.9,0.7128568118866736,zebrafish,zebrafish_160,True
1,4,0.15,0.4008037132751352,zebrafish,zebrafish_137,True
4,8,0.45,0.5168424039275267,zebrafish,zebrafish_68,True
5,5,0.25,1.044057826141609,zebrafish,zebrafish_68,True
9,4,0.3,0.30479470791997526,zebrafish,zebrafish_121,True
10,4,0.4,0.380754502309359,zebrafish,zebrafish_121,True
5,8,0.45,1.4161993180139638,zebrafish,zebrafish_29,True
7,4,0.2,0.31649008484112584,zebrafish,zebrafish_29,True
3,17,0.85,1.8468196639308743,zebrafish,zebrafish_1,True
1,11,0.55,0.8316814195758557,zebrafish,zebrafish_13,True
2,8,0.35,0.8802272936011737,zebrafish,zebrafish_13,True
3,4,0.8,0.4061209609014214,zebrafish,zebrafish_45,True
7,5,0.4,0.6333457168090089,zebrafish,zebrafish_45,True
1,6,0.35,1.0690568855176326,zebrafish,zebrafish_12,True
3,6,0.35,0.9546759287223037,zebrafish,zebrafish_53,True
7,6,0.35,0.4820950254284094,zebrafish,zebrafish_53,True
3,7,0.45,0.5529153495150679,zebrafish,zebrafish_28,True
11,3,0.1,0.3593607398900741,zebrafish,zebrafish_28,True
4,5,0.25,0.7270275924884511,zebrafish,zebrafish_90,True
7,4,0.2,0.33584013129071905,zebrafish,zebrafish_90,True
3,7,0.75,1.4632072249478674,zebrafish,zebrafish_120,True
5,8,0.35,0.8196202105265955,zebrafish,zebrafish_120,True
5,15,0.75,2.280919647223419,zebrafish,zebrafish_86,True
0,8,0.7,0.5536441340867166,zebrafish,zebrafish_136,True
7,5,0.35,0.8164812980529054,zebrafish,zebrafish_136,True
5,9,0.4,0.9748487791167885,zebrafish,zebrafish_69,True
10,4,0.15,0.7377717356799336,zebrafish,zebrafish_141,True
11,4,0.35,0.24474156581376186,zebrafish,zebrafish_141,True
11,3,0.1,0.48167458594223517,zebrafish,zebrafish_157,True
12,4,0.5,0.5791790440199271,zebrafish,zebrafish_157,True
1,6,0.5789473684210527,0.7363696896610058,zebrafish,zebrafish_100,True
4,10,0.7894736842105263,1.0848121146207812,zebrafish,zebrafish_100,True
12,7,0.6,1.3443133753865144,zebrafish,zebrafish_39,True
7,4,0.15,0.71690950145296,zebrafish,zebrafish_81,True
2,5,0.2,0.8783504803630315,zebrafish,zebrafish_54,True
0,4,0.3,0.7682786965607153,zebrafish,zebrafish_15,True
1,8,0.55,1.19349554689685,zebrafish,zebrafish_15,True
3,6,0.25,0.7188869442919792,zebrafish,zebrafish_15,True
6,4,0.15,0.9698187371749729,zebrafish,zebrafish_42,True
1,7,0.35,0.9203212805572116,zebrafish,zebrafish_35,True
5,6,0.25,0.40030540261853004,zebrafish,zebrafish_35,True
0,4,0.4,0.585624664668373,zebrafish,zebrafish_74,True
1,4,0.2,0.35589017704406745,zebrafish,zebrafish_74,True
7,7,0.65,1.0328952276397136,zebrafish,zebrafish_23,True
12,4,0.15,0.6852191072650602,zebrafish,zebrafish_58,True
7,5,0.45,0.5370129567764786,zebrafish,zebrafish_146,True
9,6,0.3,0.6543639068100378,zebrafish,zebrafish_146,True
11,6,0.35,0.5580872838763606,zebrafish,zebrafish_19,True
11,4,0.15,0.39417955838809365,zebrafish,zebrafish_110,True
12,4,0.35,0.3952007666214123,zebrafish,zebrafish_147,True
3,12,0.75,1.0705780771779647,zebrafish,zebrafish_106,True
4,3,0.45,0.7993301850471469,zebrafish,zebrafish_106,True
13,6,0.3,0.5526187451348555,zebrafish,zebrafish_59,True
2,8,0.6,1.4130421920204324,zebrafish,zebrafish_34,True
7,6,0.4,0.9534114333546544,zebrafish,zebrafish_34,True
0,15,0.9,1.0328114734475078,zebrafish,zebrafish_6,True
8,8,0.4,0.984685150484706,zebrafish,zebrafish_96,True
3,4,0.15,0.7408414264654601,zebrafish,zebrafish_126,True
9,8,0.4,0.711718080426571,zebrafish,zebrafish_126,True
8,12,0.55,2.108922024919598,zebrafish,zebrafish_79,True
2,6,0.4,0.8432661121109137,zebrafish,zebrafish_80,True
0,13,0.7,2.1158822375472224,zebrafish,zebrafish_130,True
6,10,0.5,1.3792523839107467,zebrafish,zebrafish_38,True
7,4,0.25,0.616299791044769,zebrafish,zebrafish_38,True
15,5,0.2,0.688678057039697,biased,biased_269,True
4,7,0.45,0.6830969821534161,biased,biased_286,True
5,6,0.7,1.1376793821140314,biased,biased_286,True
6,3,0.2,0.5525581391299135,biased,biased_286,True
3,9,0.4,1.7589379989649867,biased,biased_53,True
4,8,0.35,1.8994534942344103,biased,biased_53,True
0,6,0.45,1.1919077261073794,biased,biased_117,True
5,5,0.25,1.0106839551220868,biased,biased_117,True
11,7,0.35,1.2694534408621634,biased,biased_382,True
12,8,0.35,1.1283616842334383,biased,biased_228,True
1,5,0.95,0.9566797013895589,biased,biased_45,True
11,4,0.5,0.5583786350399114,biased,biased_45,True
13,5,0.35,1.1373144876556451,biased,biased_101,True
13,7,0.4,0.7826428882114016,biased,biased_341,True
2,14,0.95,2.158750863761211,biased,biased_69,True
5,5,0.65,0.6249494029965602,biased,biased_300,True
13,5,0.2,0.4022382151718478,biased,biased_183,True
0,5,0.2,0.53642858168062,biased,biased_357,True
7,4,0.35,0.36598422449834594,biased,biased_357,True
14,5,0.2,0.8377126674236651,biased,biased_212,True
0,4,0.35,0.5278101078184761,biased,biased_90,True
9,3,0.35,0.2837661195975727,biased,biased_90,True
15,4,0.25,0.8623232062878531,biased,biased_320,True
9,6,0.45,1.3472090075689414,biased,biased_398,True
8,11,0.8,1.2469746250321931,biased,biased_336,True
5,8,0.5,1.1277061286873853,biased,biased_65,True
8,11,0.75,0.7462413819066981,biased,biased_208,True
3,7,0.9,0.9748375701649765,biased,biased_176,True
6,6,0.45,0.7030940841279619,biased,biased_176,True
4,12,0.75,1.7613637657821104,biased,biased_32,True
5,4,0.2,1.164879580050762,biased,biased_32,True
10,4,0.25,0.5665585628411264,biased,biased_199,True
0,9,0.45,1.328698127997527,biased,biased_160,True
2,10,0.45,1.4595676615356485,biased,biased_160,True
1,4,0.7,0.4824469970166552,biased,biased_24,True
6,5,0.45,0.3544555355866595,biased,biased_24,True
2,4,0.15,0.6298625298998112,biased,biased_249,True
4,4,0.15,0.7749205491689513,biased,biased_249,True
2,4,0.25,0.5273114637897978,biased,biased_137,True
5,5,0.2,0.553094633073499,biased,biased_137,True
7,5,0.5,1.2142580604515292,biased,biased_137,True
5,4,0.15,0.46457247839340093,biased,biased_72,True
4,4,0.45,0.36245952803504744,biased,biased_248,True
9,4,0.15,1.0550581346798718,biased,biased_248,True
15,4,0.15,0.4978194962677474,biased,biased_25,True
7,4,0.15,0.7847171983530825,biased,biased_33,True
10,5,0.2,0.87237763468696,biased,biased_33,True
9,10,0.55,1.7230275966651003,biased,biased_198,True
3,5,0.25,0.5439457090013272,biased,biased_272,True
5,7,0.3,0.7592707695312889,biased,biased_272,True
9,6,0.25,0.7577904605992578,biased,biased_225,True
0,5,0.2,0.4510285607037996,biased,biased_48,True
8,8,0.45,1.4041145107306856,biased,biased_233,True
1,5,0.9,0.3753126011654077,biased,biased_264,True
2,13,0.8,1.3470929115438317,biased,biased_264,True
5,4,0.15,0.3425752467117634,biased,biased_321,True
8,8,0.35,1.3606358563828163,biased,biased_91,True
9,4,0.2,0.8253696736770676,biased,biased_91,True
6,6,0.6,0.7182959266168601,biased,biased_356,True
3,6,0.25,0.9644675494251302,biased,biased_213,True
4,7,0.4,1.0191833128864134,biased,biased_213,True
5,4,0.25,0.7146684520972135,biased,biased_213,True
10,8,0.45,1.339842771505118,biased,biased_29,True
12,8,0.6,1.6897733902110357,biased,biased_301,True
16,4,0.15,0.2515740818483733,biased,biased_244,True
4,8,0.55,1.0940612905535485,biased,biased_194,True
7,5,0.5,0.9367334010422947,biased,biased_194,True
10,10,0.5,1.5795714791706406,biased,biased_317,True
10,6,0.25,0.7040891858059858,biased,biased_252,True
1,5,0.5,0.8776756974448242,biased,biased_87,True
2,3,0.15,0.5780029121738375,biased,biased_87,True
6,6,0.25,0.8762175803383749,biased,biased_87,True
3,6,0.65,0.9466595300788024,biased,biased_68,True
6,7,0.5,0.8739707498575097,biased,biased_68,True
8,4,0.25,1.198571144926922,biased,biased_340,True
10,5,0.3,1.3142439857370238,biased,biased_340,True
8,4,0.15,0.5980115145563151,biased,biased_13,True
0,13,0.7,1.4794847364788966,biased,biased_157,True
1,6,0.8,1.2258660004791415,biased,biased_157,True
3,5,0.2,0.5211406124106138,biased,biased_291,True
6,8,0.4,1.0208658807241469,biased,biased_44,True
7,6,0.3,0.7896764247670331,biased,biased_44,True
0,6,0.65,0.6954609162075958,biased,biased_383,True
1,3,0.8,0.7957502340327839,biased,biased_383,True
6,5,0.35,0.8172859393753525,biased,biased_229,True
8,7,0.6,0.7352547895370175,biased,biased_229,True
3,11,0.65,0.7479080502941549,biased,biased_52,True
6,4,0.3,0.739996638952689,biased,biased_116,True
1,6,0.5,1.0224243581973218,biased,biased_287,True
4,8,0.7,1.4001531449869182,biased,biased_287,True
8,7,0.35,1.110731803072953,biased,biased_326,True
12,7,0.35,0.7324457071899751,biased,biased_222,True
3,4,0.7,0.650648497194381,biased,biased_4,True
4,6,0.8,0.6587646376492864,biased,biased_4,True
2,7,0.95,0.9894088238307294,biased,biased_367,True
3,11,0.6,1.3721091565215253,biased,biased_367,True
11,7,0.8,0.41834094342091244,biased,biased_18,True
5,4,0.35,0.3922480434529042,biased,biased_275,True
7,7,0.3,0.9721685544203768,biased,biased_330,True
13,4,0.3,0.7542812256326127,biased,biased_127,True
0,9,0.6,1.2953678712988237,biased,biased_170,True
11,6,0.65,0.9891475611237686,biased,biased_34,True
8,6,0.55,0.760575778665813,biased,biased_166,True
4,7,0.3,0.7888348453672395,biased,biased_22,True
3,7,0.35,0.845542324658916,biased,biased_131,True
13,7,0.4,0.8258562956481428,biased,biased_75,True
0,5,0.4,0.48142187805338754,biased,biased_218,True
9,5,0.3,0.7452496275374433,biased,biased_218,True
3,6,0.8,0.9631480485136881,biased,biased_280,True
5,10,0.55,0.7344545709060356,biased,biased_280,True
1,14,0.8,1.8022840087275305,biased,biased_392,True
2,4,0.15,0.774282579929376,biased,biased_55,True
13,4,0.65,0.8047755256982844,biased,biased_111,True
2,10,0.45,1.6218512282913313,biased,biased_384,True
4,7,0.35,0.7244353007907873,biased,biased_384,True
7,6,0.3,0.4467939947312848,biased,biased_8,True
7,3,0.4,0.5942367641667742,biased,biased_43,True
10,6,0.45,0.7131525202783704,biased,biased_43,True
14,5,0.3,0.7598388853390412,biased,biased_279,True
1,4,0.15,0.3698092450239209,biased,biased_296,True
0,5,0.35,0.6373321454999823,biased,biased_14,True
7,7,0.3,0.8344911419438238,biased,biased_14,True
11,3,0.15,0.5430241849058126,biased,biased_347,True
13,5,0.2,0.8187167501422296,biased,biased_347,True
7,7,0.35,1.266606958253315,biased,biased_202,True
10,7,0.3,0.6877544977587965,biased,biased_80,True
9,7,0.35,0.6562029085922991,biased,biased_310,True
1,6,0.4,1.1002496426910255,biased,biased_193,True
2,3,0.15,0.38785743560370045,biased,biased_193,True
9,3,0.25,0.40008866894982203,biased,biased_193,True
0,9,0.4,1.2481324130752243,biased,biased_306,True
1,6,0.25,1.1266802241310132,biased,biased_306,True
6,14,0.65,2.2913615726407848,biased,biased_243,True
5,7,0.35,0.7946149325846674,biased,biased_185,True
6,6,0.25,0.6098036776850396,biased,biased_185,True
9,10,0.45,1.0473149880598676,biased,biased_351,True
7,9,0.5,1.227967312398072,biased,biased_96,True
2,5,0.25,0.5983763122192778,biased,biased_79,True
6,5,0.25,0.8231512474870933,biased,biased_79,True
5,9,0.55,0.7921849861152201,biased,biased_97,True
11,5,0.5,0.8326212395671618,biased,biased_78,True
7,7,0.5,0.7501034622383872,biased,biased_350,True
1,7,0.6,1.0795175679681728,biased,biased_215,True
8,4,0.15,0.42752986605506055,biased,biased_215,True
6,6,0.4,0.9780987981259351,biased,biased_184,True
9,4,0.15,0.6514082349770425,biased,biased_184,True
13,7,0.55,0.6951365248192318,biased,biased_242,True
0,4,0.15,0.7624048402282562,biased,biased_39,True
6,11,0.65,1.3976968198999389,biased,biased_39,True
1,7,0.85,1.2347596916276844,biased,biased_192,True
3,6,0.3,0.8461872013830346,biased,biased_192,True
12,7,0.45,0.8498809448205868,biased,biased_81,True
10,6,0.25,1.17312645507325,biased,biased_346,True
11,3,0.15,0.4329155838249547,biased,biased_346,True
12,8,0.35,1.2581681749632343,biased,biased_203,True
3,11,0.95,1.1687286314187295,biased,biased_15,True
2,4,0.2,0.7748816136707888,biased,biased_151,True
3,6,0.3,0.4811343351081402,biased,biased_151,True
6,4,0.2,0.5480482503022522,biased,biased_278,True
12,5,0.55,0.7494978036463448,biased,biased_278,True
9,10,0.45,1.1025400027819563,biased,biased_297,True
8,8,0.45,1.4256545350377148,biased,biased_42,True
8,8,0.45,1.6558083004502897,biased,biased_385,True
7,7,0.5,0.8265233269465533,biased,biased_9,True
9,4,0.35,0.595513907991181,biased,biased_9,True
1,4,0.2,0.5234122028559949,biased,biased_110,True
5,8,0.75,0.5502287018383255,biased,biased_110,True
6,3,0.2,0.7734117096093537,biased,biased_110,True
4,5,0.25,0.5838276179407257,biased,biased_239,True
9,4,0.15,0.9074994784208973,biased,biased_239,True
10,6,0.3,0.8139569732784427,biased,biased_393,True
11,3,0.15,0.34735047309850314,biased,biased_393,True
1,17,0.9,2.283259093210435,biased,biased_147,True
1,8,0.4,1.3348053414228045,biased,biased_219,True
2,4,0.3,1.151050030800342,biased,biased_219,True
0,4,0.4,0.4417440263604965,biased,biased_130,True
8,7,0.35,0.9369890754834204,biased,biased_130,True
2,7,0.3,1.0228528819112102,biased,biased_74,True
4,6,0.25,1.1167566404046194,biased,biased_74,True
5,4,0.55,0.6317504117331803,biased,biased_74,True
9,11,0.7,1.345424979506642,biased,biased_188,True
6,7,0.65,1.5004143555175646,biased,biased_35,True
8,6,0.45,0.7717782912002396,biased,biased_35,True
8,11,0.55,1.6717111659540547,biased,biased_126,True
1,7,0.3,0.9364318612813027,biased,biased_223,True
4,7,0.3,0.5786064647502785,biased,biased_223,True
2,6,0.55,0.6791979403720975,biased,biased_5,True
3,4,0.4,0.6329985661300859,biased,biased_5,True
2,13,0.6,1.3448318583558223,biased,biased_389,True
0,16,0.9,2.642374919674738,biased,biased_366,True
11,6,0.4,1.1618444995245254,biased,biased_58,True
9,5,0.35,0.9424655076862488,biased,biased_262,True
1,14,0.65,2.1323735854591948,biased,biased_327,True
7,12,0.6,1.1579809072245386,biased,biased_77,True
9,5,0.35,0.7189074835103072,biased,biased_133,True
10,4,0.25,0.3815676519885602,biased,biased_133,True
9,10,0.65,1.4541386537296765,biased,biased_98,True
6,12,0.55,1.71047599292458,biased,biased_308,True
10,4,0.45,0.515831053350455,biased,biased_20,True
0,5,0.25,0.39736329279275756,biased,biased_172,True
5,6,0.25,1.1293349127929964,biased,biased_172,True
0,14,0.95,1.3895266625603766,biased,biased_349,True
2,15,0.85,1.4802805423396217,biased,biased_61,True
11,5,0.4,0.780483053568306,biased,biased_125,True
12,3,0.15,0.5036371681979271,biased,biased_125,True
11,7,0.4,0.932925636711225,biased,biased_298,True
6,8,0.35,1.0058953734364193,biased,biased_332,True
8,4,0.2,0.5767577360686797,biased,biased_277,True
13,7,0.5,1.6553099663027369,biased,biased_365,True
6,14,0.65,1.3963126342371037,biased,biased_220,True
12,8,0.45,1.631231038493439,biased,biased_6,True
6,7,0.35,1.3209932299502758,biased,biased_109,True
12,5,0.2,0.7842866695824257,biased,biased_373,True
10,7,0.3,0.6806228381336533,biased,biased_236,True
6,8,0.55,0.9770684091486999,biased,biased_324,True
9,4,0.15,0.6088258405660415,biased,biased_324,True
0,4,0.15,0.8390382838818855,biased,biased_94,True
2,13,0.85,1.425939496634555,biased,biased_94,True
10,10,0.5,0.900972183467517,biased,biased_353,True
0,4,0.15,0.6711854090038821,biased,biased_241,True
1,5,0.2,1.3190579212287743,biased,biased_241,True
7,4,0.35,0.6664024910107458,biased,biased_241,True
10,5,0.2,0.8261928458853529,biased,biased_304,True
3,16,0.8,2.016707810286296,biased,biased_257,True
10,5,0.2,1.0224471246620697,biased,biased_129,True
11,5,0.2,1.2738998550091976,biased,biased_129,True
10,7,0.45,0.7415410055993092,biased,biased_345,True
13,7,0.35,0.8753975505060727,biased,biased_152,True
1,5,0.45,0.49603901901008063,biased,biased_16,True
4,6,0.9,0.6666795309383461,biased,biased_16,True
6,5,0.45,0.5681773732104178,biased,biased_16,True
8,7,0.35,1.0592506780973185,biased,biased_105,True
6,4,0.3,0.3306659676821397,biased,biased_41,True
8,6,0.5,0.6813212864767124,biased,biased_41,True
2,5,0.2,0.7669242818086744,biased,biased_369,True
1,8,0.35,1.2000932583082906,biased,biased_386,True
7,6,0.25,1.177934121132485,biased,biased_386,True
3,7,0.5,0.5312748759299608,biased,biased_113,True
5,7,0.75,0.7558036406132052,biased,biased_113,True
10,5,0.35,0.3907688798705294,biased,biased_390,True
0,7,0.8,0.7882707032641079,biased,biased_328,True
4,4,0.7,0.47044015197218975,biased,biased_328,True
7,4,0.2,0.5607054060723242,biased,biased_283,True
10,7,0.6,0.6722047847736673,biased,biased_283,True
2,6,0.65,0.7839883626268284,biased,biased_329,True
5,5,0.3,0.49510026193050427,biased,biased_329,True
0,5,0.2,0.8005113054334275,biased,biased_391,True
0,9,0.65,1.1230854137506578,biased,biased_112,True
6,4,0.2,0.5947521834862572,biased,biased_112,True
2,5,0.2,0.7671416774083851,biased,biased_368,True
6,9,0.45,1.0088349252354554,biased,biased_368,True
11,6,0.65,0.6104333369043302,biased,biased_387,True
4,8,0.35,1.2878921248348358,biased,biased_40,True
5,6,0.25,0.8406055875770898,biased,biased_40,True
14,4,0.3,0.6767646457197104,biased,biased_295,True
14,6,0.25,0.6581262156450073,biased,biased_153,True
8,5,0.2,0.6810125278547949,biased,biased_17,True
0,8,0.45,0.6680835609072455,biased,biased_201,True
3,3,0.2,0.7197321188512138,biased,biased_201,True
4,6,0.9,1.1097632185671618,biased,biased_201,True
2,4,0.15,0.8292116806498246,biased,biased_128,True
12,5,0.2,0.8587530534431312,biased,biased_128,True
6,12,0.55,1.9361293107440172,biased,biased_83,True
9,6,0.3,1.1716401045321223,biased,biased_313,True
0,5,0.35,0.31647837113843696,biased,biased_190,True
5,11,0.65,1.0984916871494164,biased,biased_190,True
7,7,0.3,1.6733708620281693,biased,biased_240,True
8,5,0.2,0.6768955065177902,biased,biased_240,True
3,5,0.25,1.0927812417660407,biased,biased_305,True
6,4,0.45,0.8055325621080384,biased,biased_305,True
7,4,0.15,0.5271336614620662,biased,biased_305,True
3,4,0.15,0.4715747599988629,biased,biased_169,True
4,5,0.25,0.7975502278285479,biased,biased_169,True
11,9,0.55,1.2768065327370703,biased,biased_217,True
1,6,0.5,0.8323536077950277,biased,biased_352,True
6,7,0.6,1.0937489065599046,biased,biased_352,True
0,16,0.95,1.5447131430249612,biased,biased_95,True
13,5,0.35,0.3641976316927692,biased,biased_325,True
5,12,0.7,0.8632000485239839,biased,biased_372,True
14,4,0.25,0.626971689612437,biased,biased_237,True
11,9,0.6,0.5695266663399289,biased,biased_108,True
12,7,0.4,0.8427602732713777,biased,biased_364,True
9,4,0.25,0.9536008488495714,biased,biased_221,True
11,4,0.25,0.7487753285574649,biased,biased_221,True
6,11,0.65,1.048094224022623,biased,biased_7,True
15,4,0.25,0.9913154697025579,biased,biased_276,True
7,6,0.25,0.6213427775795528,biased,biased_348,True
8,7,0.3,0.8360651886365442,biased,biased_348,True
0,8,0.35,0.6135796543792736,biased,biased_37,True
13,4,0.45,0.5432123316422811,biased,biased_21,True
5,6,0.6,1.0830901935913964,biased,biased_165,True
7,5,0.4,0.6709102376873791,biased,biased_165,True
15,5,0.25,1.7431450112589206,biased,biased_309,True
6,14,0.95,1.4099738220676314,biased,biased_99,True
3,10,0.8,1.4121364950003334,biased,biased_139,True
9,7,0.35,0.9680220158231013,biased,biased_355,True
3,4,0.2,0.8754949925945498,biased,biased_181,True
4,6,0.4,0.9234456094868317,biased,biased_181,True
8,3,0.15,0.5758956652211291,biased,biased_181,True
15,4,0.15,0.6431044236221759,biased,biased_302,True
3,6,0.85,1.0492553028639195,biased,biased_197,True
4,8,0.85,0.804469218081137,biased,biased_197,True
4,6,0.3,1.3761661118087065,biased,biased_178,True
16,4,0.15,1.1983991953537452,biased,biased_251,True
10,8,0.5,1.1863310782750225,biased,biased_314,True
5,14,0.65,1.38932070030366,biased,biased_84,True
11,7,0.4,0.863773042239564,biased,biased_154,True
5,6,0.5,0.5223422620334441,biased,biased_10,True
15,5,0.2,0.9820450474196302,biased,biased_292,True
2,17,0.95,1.299800522881933,biased,biased_103,True
3,7,0.75,0.8085409548163963,biased,biased_47,True
4,5,0.5,0.570212400822921,biased,biased_47,True
4,4,0.3,0.6153753621352277,biased,biased_115,True
6,11,0.5,1.5741459440276253,biased,biased_51,True
3,10,0.5,1.4337168078051117,biased,biased_400,True
14,6,0.25,1.0563919301780595,biased,biased_396,True
7,9,0.55,0.7069455236263724,biased,biased_284,True
5,7,0.3,1.1138148189755903,biased,biased_359,True
8,8,0.4,1.4508045749990934,biased,biased_318,True
7,7,0.5,0.7743711170714126,biased,biased_30,True
8,4,0.15,1.1669598228276061,biased,biased_174,True
6,4,0.3,0.5578142605211265,biased,biased_67,True
0,9,0.85,1.5987461241428402,biased,biased_123,True
2,8,0.6,1.3449520465320326,biased,biased_123,True
14,4,0.15,0.5913867299569482,biased,biased_271,True
8,4,0.2,0.6776209849461975,biased,biased_363,True
6,8,0.8,0.6958344427326925,biased,biased_226,True
8,5,0.2,0.8130583700372803,biased,biased_226,True
0,5,0.45,0.7596713071237782,biased,biased_375,True
3,5,0.2,0.7365949450990966,biased,biased_375,True
6,10,0.65,1.5957912449392475,biased,biased_230,True
15,4,0.2,0.5953794097739309,biased,biased_119,True
2,3,0.45,0.5184673940654511,biased,biased_322,True
8,6,0.3,1.1524005708227583,biased,biased_322,True
0,6,0.4,0.585108644259223,biased,biased_267,True
2,13,0.8,1.8024384935677213,biased,biased_267,True
16,4,0.15,0.5367835215783704,biased,biased_323,True
7,7,0.3,1.3677039843862464,biased,biased_266,True
4,7,0.3,0.7951100332057638,biased,biased_118,True
5,9,0.4,1.2778186824854696,biased,biased_118,True
12,4,0.25,0.4787346469922253,biased,biased_227,True
3,5,0.25,0.6009714159329657,biased,biased_159,True
6,5,0.2,0.5682977439671151,biased,biased_159,True
11,5,0.4,0.6782276174247986,biased,biased_270,True
6,6,0.3,0.8545463692783531,biased,biased_66,True
10,5,0.2,0.5978248096512998,biased,biased_66,True
12,6,0.25,0.8320873640262806,biased,biased_122,True
3,6,0.45,0.7670112134891931,biased,biased_89,True
9,5,0.7,0.4120903036572767,biased,biased_89,True
9,5,0.2,1.0762788724792542,biased,biased_31,True
7,5,0.2,0.8863134868666808,biased,biased_175,True
16,4,0.15,0.4492564090311246,biased,biased_319,True
13,6,0.3,0.9165952391559645,biased,biased_27,True
1,5,0.4,0.6786424176892436,biased,biased_163,True
5,4,0.15,0.8018603931310121,biased,biased_163,True
6,5,0.35,0.5598074893788224,biased,biased_163,True
5,12,0.65,1.098166570688288,biased,biased_70,True
3,9,0.7,1.4450608780445457,biased,biased_134,True
4,7,0.6,1.1203519169442377,biased,biased_134,True
6,6,0.45,0.7114009194623823,biased,biased_285,True
7,5,0.6,0.5427602485546342,biased,biased_285,True
10,8,0.5,1.1459356852324067,biased,biased_143,True
3,16,0.85,2.349333080837354,biased,biased_397,True
3,5,0.2,0.8044505519713521,biased,biased_114,True
11,4,0.4,0.7361906559840543,biased,biased_50,True
12,5,0.2,1.1197004599124931,biased,biased_50,True
6,5,0.45,0.3448151970885188,biased,biased_102,True
0,11,0.55,0.7181131274429279,biased,biased_293,True
7,7,0.3,1.0275187517538396,biased,biased_155,True
6,12,0.75,1.8068973306723486,biased,biased_207,True
13,7,0.65,0.9804195500011498,biased,biased_342,True
13,6,0.25,0.99476036076804,biased,biased_250,True
0,6,0.65,0.7997735825972413,biased,biased_196,True
4,9,0.8,1.6494617269880947,biased,biased_196,True
9,5,0.5,0.9368162974285732,biased,biased_179,True
3,11,0.75,1.03789506228568,biased,biased_246,True
2,4,0.15,1.0891140691186285,biased,biased_180,True
5,12,0.55,2.350871277382046,biased,biased_180,True
7,3,0.4,0.28931230104864053,biased,biased_354,True
11,5,0.4,0.5354502156822295,biased,biased_354,True
