,Correlation,Name,Length
0,0.7566807091706261,Curve 0,Length 100
2,0.552449624866484,Curve 1,Length 100
4,0.7160540378205249,Curve 2,Length 100
6,0.6656789887659307,Curve 3,Length 100
8,0.7185199416318336,Curve 4,Length 100
10,0.3469177123767606,Curve 5,Length 100
12,0.7476490038452043,Curve 6,Length 100
14,0.7911680073264682,Curve 7,Length 100
16,0.5125014991048983,Curve 8,Length 100
18,0.7140506291328435,Curve 9,Length 100
20,0.5836744866078344,Curve 10,Length 100
22,0.5966896474098097,Curve 11,Length 100
24,0.6935106797247196,Curve 12,Length 100
26,0.84205514781674,Curve 13,Length 100
28,0.7845584318345433,Curve 14,Length 100
30,0.6305481678133871,Curve 15,Length 100
32,0.6287930530454964,Curve 16,Length 100
34,0.415361770343347,Curve 17,Length 100
36,0.4492724311298349,Curve 18,Length 100
38,0.762744109074499,Curve 19,Length 100
40,0.6721478403690876,Curve 20,Length 100
42,0.8056444800644011,Curve 21,Length 100
44,0.801657504643634,Curve 22,Length 100
46,0.7579308145582154,Curve 23,Length 100
48,0.6729950205442675,Curve 24,Length 100
50,0.7169222522319746,Curve 25,Length 100
52,0.6864579205684352,Curve 26,Length 100
54,0.8299716004922174,Curve 27,Length 100
56,0.7593423580242858,Curve 28,Length 100
58,0.6639522703747074,Curve 29,Length 100
60,0.7815684335383878,Curve 30,Length 100
62,0.6572754129990721,Curve 31,Length 100
64,0.6465689472641082,Curve 32,Length 100
66,0.71857868165554,Curve 33,Length 100
68,0.6979602731249642,Curve 34,Length 100
70,0.7125196096325106,Curve 35,Length 100
72,0.8142369291267467,Curve 36,Length 100
74,0.5812504693761319,Curve 37,Length 100
76,0.7194141202160493,Curve 38,Length 100
78,0.5644312481859334,Curve 39,Length 100
80,0.6404158353062585,Curve 40,Length 100
82,0.7243453003128418,Curve 41,Length 100
84,0.8435595628930018,Curve 42,Length 100
86,0.303445451547673,Curve 43,Length 100
88,0.4717014276458832,Curve 44,Length 100
90,0.6586617136826932,Curve 45,Length 100
92,0.6785229882713587,Curve 46,Length 100
94,0.7820520918291192,Curve 47,Length 100
96,0.5916021927915529,Curve 48,Length 100
98,0.4307042813778305,Curve 49,Length 100
100,0.7638511335438041,Curve 50,Length 100
102,0.5146348855420033,Curve 51,Length 100
104,0.4618182278956945,Curve 52,Length 100
106,0.7227750531568261,Curve 53,Length 100
108,0.6803651364927262,Curve 54,Length 100
110,0.8064528519391756,Curve 55,Length 100
112,0.8232273900695997,Curve 56,Length 100
114,0.6589090261439545,Curve 57,Length 100
116,0.8116896156363848,Curve 58,Length 100
118,0.5291739355285416,Curve 59,Length 100
120,0.8160728490838186,Curve 60,Length 100
122,0.8426507436046381,Curve 61,Length 100
124,0.4861573567575082,Curve 62,Length 100
126,0.8490659436674155,Curve 63,Length 100
128,0.6206196468510423,Curve 64,Length 100
130,0.7553429362027461,Curve 65,Length 100
132,0.6040501143914464,Curve 66,Length 100
134,0.6981325909931922,Curve 67,Length 100
136,0.7366039431333056,Curve 68,Length 100
138,0.6698763888550611,Curve 69,Length 100
140,0.7867377588355972,Curve 70,Length 100
142,0.7304822843993439,Curve 71,Length 100
144,0.728380111872152,Curve 72,Length 100
146,0.7807891466679673,Curve 73,Length 100
148,0.7396848258800316,Curve 74,Length 100
150,0.82080759647918,Curve 75,Length 100
152,0.7046004823147114,Curve 76,Length 100
154,0.7376600178633348,Curve 77,Length 100
156,0.8335289106426123,Curve 78,Length 100
158,0.619055833513063,Curve 79,Length 100
160,0.822279097493012,Curve 80,Length 100
162,0.8390231851644717,Curve 81,Length 100
164,0.8604627303953065,Curve 82,Length 100
166,0.7693826529259139,Curve 83,Length 100
168,0.5548160990648842,Curve 84,Length 100
170,0.6622010289514358,Curve 85,Length 100
172,0.4977642581417916,Curve 86,Length 100
174,0.8517964044643653,Curve 87,Length 100
176,0.5238897947876788,Curve 88,Length 100
178,0.6310491051137717,Curve 89,Length 100
180,0.7067324873392755,Curve 90,Length 100
182,0.676269844165183,Curve 91,Length 100
184,0.6564302837749876,Curve 92,Length 100
186,0.8320988223544673,Curve 93,Length 100
188,0.7767420806559413,Curve 94,Length 100
190,0.7097888303528573,Curve 95,Length 100
192,0.4083159964557379,Curve 96,Length 100
194,0.7593021313660954,Curve 97,Length 100
196,0.7395552231924265,Curve 98,Length 100
198,0.8180899349630338,Curve 99,Length 100
200,0.5668765768373845,Curve 100,Length 100
202,0.7175707860003553,Curve 101,Length 100
204,0.7030468761345613,Curve 102,Length 100
206,0.6798539018869346,Curve 103,Length 100
208,0.7402827659048545,Curve 104,Length 100
210,0.7378765468247054,Curve 105,Length 100
212,0.8740570093099987,Curve 106,Length 100
214,0.4961352444308261,Curve 107,Length 100
216,0.66183097435858,Curve 108,Length 100
218,0.7806596225646347,Curve 109,Length 100
220,0.7230044604762264,Curve 110,Length 100
222,0.7151226661078576,Curve 111,Length 100
224,0.6419355584224985,Curve 112,Length 100
226,0.7410353004382569,Curve 113,Length 100
228,0.4598804731831709,Curve 114,Length 100
230,0.4142954340179051,Curve 115,Length 100
232,0.7173783112974615,Curve 116,Length 100
234,0.4041280331876135,Curve 117,Length 100
236,0.7928024981721826,Curve 118,Length 100
238,0.7215583919315791,Curve 119,Length 100
240,0.5479524355798484,Curve 120,Length 100
242,0.6105362050605395,Curve 121,Length 100
244,0.7904827732703229,Curve 122,Length 100
246,0.5727306534299514,Curve 123,Length 100
248,0.6014892875487049,Curve 124,Length 100
250,0.3232745198298588,Curve 125,Length 100
252,0.572869108292476,Curve 126,Length 100
254,0.6880488729370638,Curve 127,Length 100
256,0.7371908448203413,Curve 128,Length 100
258,0.7931362272847284,Curve 129,Length 100
260,0.6351306134981624,Curve 130,Length 100
262,0.8186605607749399,Curve 131,Length 100
264,0.6431075353257157,Curve 132,Length 100
266,0.5499791435941778,Curve 133,Length 100
268,0.7930380176393048,Curve 134,Length 100
270,0.7136626538800227,Curve 135,Length 100
272,0.4832264665505628,Curve 136,Length 100
274,0.6414606312525005,Curve 137,Length 100
276,0.7104352056338485,Curve 138,Length 100
278,0.6097470956294395,Curve 139,Length 100
280,0.6222177261672318,Curve 140,Length 100
282,0.7694805394880784,Curve 141,Length 100
284,0.7967893147251001,Curve 142,Length 100
286,0.7999432694625894,Curve 143,Length 100
288,0.7305912787656632,Curve 144,Length 100
290,0.6692487120940083,Curve 145,Length 100
292,0.5132953837303365,Curve 146,Length 100
294,0.7752022717632306,Curve 147,Length 100
296,0.5683843727679223,Curve 148,Length 100
298,0.5943942897347531,Curve 149,Length 100
300,0.7470198534770072,Curve 150,Length 100
302,0.5950940208310908,Curve 151,Length 100
304,0.6429917073552099,Curve 152,Length 100
306,0.6855682326222224,Curve 153,Length 100
308,0.4558661524887294,Curve 154,Length 100
310,0.8514336061402595,Curve 155,Length 100
312,0.8638901916699091,Curve 156,Length 100
314,0.6629132096153889,Curve 157,Length 100
316,0.5848376000200233,Curve 158,Length 100
318,0.5652382780938702,Curve 159,Length 100
320,0.844517087210503,Curve 160,Length 100
322,0.5358770897989981,Curve 161,Length 100
324,0.8102473433357396,Curve 162,Length 100
326,0.8161499004888866,Curve 163,Length 100
328,0.7859250671643094,Curve 164,Length 100
330,0.6261058527931781,Curve 165,Length 100
332,0.8041764813199497,Curve 166,Length 100
334,0.785626702778013,Curve 167,Length 100
336,0.6139592414711947,Curve 168,Length 100
338,0.6896998753755462,Curve 169,Length 100
340,0.8064357305529591,Curve 170,Length 100
342,0.3258317509303012,Curve 171,Length 100
344,0.7854719343129931,Curve 172,Length 100
346,0.5758103289431702,Curve 173,Length 100
348,0.6124797820574939,Curve 174,Length 100
350,0.6675448782304695,Curve 175,Length 100
352,0.7104403357282805,Curve 176,Length 100
354,0.7911447629558136,Curve 177,Length 100
356,0.8532757109329633,Curve 178,Length 100
358,0.8175113752642187,Curve 179,Length 100
360,0.8722729081195885,Curve 180,Length 100
362,0.7081289619415871,Curve 181,Length 100
364,0.678162476572509,Curve 182,Length 100
366,0.7042573877190431,Curve 183,Length 100
368,0.4077302450251938,Curve 184,Length 100
370,0.8331856994829749,Curve 185,Length 100
372,0.6737789747109735,Curve 186,Length 100
374,0.7212790740796614,Curve 187,Length 100
376,0.7615063722625756,Curve 188,Length 100
378,0.7893413464981331,Curve 189,Length 100
380,0.7311844896323312,Curve 190,Length 100
382,0.7774187134619166,Curve 191,Length 100
384,0.5863011336348781,Curve 192,Length 100
386,0.5507441107514714,Curve 193,Length 100
388,0.4865141526488278,Curve 194,Length 100
390,0.745103692761634,Curve 195,Length 100
392,0.6614647379308807,Curve 196,Length 100
394,0.7291439710348797,Curve 197,Length 100
396,0.5960516265443532,Curve 198,Length 100
398,0.7815704869771282,Curve 199,Length 100
400,0.641119058912143,Curve 0,Length 200
402,0.7599600137478508,Curve 1,Length 200
404,0.4087772015411774,Curve 2,Length 200
406,0.7895482457406998,Curve 3,Length 200
408,0.6060165029513053,Curve 4,Length 200
410,0.5965152494302787,Curve 5,Length 200
412,0.6907642910870937,Curve 6,Length 200
414,0.708180674282434,Curve 7,Length 200
416,0.5442730961255312,Curve 8,Length 200
418,0.4641711798611507,Curve 9,Length 200
420,0.6941267739340841,Curve 10,Length 200
422,0.6169936436524674,Curve 11,Length 200
424,0.7353390075773045,Curve 12,Length 200
426,0.6881741947567733,Curve 13,Length 200
428,0.7694902124252372,Curve 14,Length 200
430,0.2601269049638021,Curve 15,Length 200
432,0.5400323737735391,Curve 16,Length 200
434,0.7060593476666422,Curve 17,Length 200
436,0.6413973257059112,Curve 18,Length 200
438,0.7209780921530647,Curve 19,Length 200
440,0.7271154133562524,Curve 20,Length 200
442,0.6233958778453978,Curve 21,Length 200
444,0.7400372426386287,Curve 22,Length 200
446,0.6163932097966442,Curve 23,Length 200
448,0.762183766412412,Curve 24,Length 200
450,0.7027094821771761,Curve 25,Length 200
452,0.751190691290197,Curve 26,Length 200
454,0.724680380809618,Curve 27,Length 200
456,0.8559110591295155,Curve 28,Length 200
458,0.6231094055986505,Curve 29,Length 200
460,0.6738066650171992,Curve 30,Length 200
462,0.6752129939461519,Curve 31,Length 200
464,0.6588748983788504,Curve 32,Length 200
466,0.4935975237715475,Curve 33,Length 200
468,0.8115557228414745,Curve 34,Length 200
470,0.7040936502563487,Curve 35,Length 200
472,0.6666789263660088,Curve 36,Length 200
474,0.6216660545956715,Curve 37,Length 200
476,0.6560882976225839,Curve 38,Length 200
478,0.6302458501600138,Curve 39,Length 200
480,0.5026901289514722,Curve 40,Length 200
482,0.6684472647532629,Curve 41,Length 200
484,0.7301617867913293,Curve 42,Length 200
486,0.6912726662442329,Curve 43,Length 200
488,0.5795549382863043,Curve 44,Length 200
490,0.3839914158463423,Curve 45,Length 200
492,0.6774667960519947,Curve 46,Length 200
494,0.8197832340301606,Curve 47,Length 200
496,0.5672741447806817,Curve 48,Length 200
498,0.7556100257366682,Curve 49,Length 200
500,0.6833971659206577,Curve 50,Length 200
502,0.6342865599540835,Curve 51,Length 200
504,0.6486363294677873,Curve 52,Length 200
506,0.4980775498370794,Curve 53,Length 200
508,0.8216698710047543,Curve 54,Length 200
510,0.6257227248430921,Curve 55,Length 200
512,0.6321942981372306,Curve 56,Length 200
514,0.567705373604236,Curve 57,Length 200
516,0.4358346720876832,Curve 58,Length 200
518,0.7633006494799466,Curve 59,Length 200
520,0.7823763747274713,Curve 60,Length 200
522,0.668999144588267,Curve 61,Length 200
524,0.7726265440343282,Curve 62,Length 200
526,0.5630671973453811,Curve 63,Length 200
528,0.8493808145222218,Curve 64,Length 200
530,0.6260668582867469,Curve 65,Length 200
532,0.721859129831027,Curve 66,Length 200
534,0.6467434634964732,Curve 67,Length 200
536,0.4169283203127027,Curve 68,Length 200
538,0.6560007159239513,Curve 69,Length 200
540,0.6799047766882318,Curve 70,Length 200
542,0.5279722950877682,Curve 71,Length 200
544,0.5443490126819714,Curve 72,Length 200
546,0.7838974114700235,Curve 73,Length 200
548,0.6530202487305564,Curve 74,Length 200
550,0.6126162678906383,Curve 75,Length 200
552,0.6536170348129712,Curve 76,Length 200
554,0.7235519049976775,Curve 77,Length 200
556,0.5826468958334028,Curve 78,Length 200
558,0.6476038163787812,Curve 79,Length 200
560,0.6772784102932682,Curve 80,Length 200
562,0.7331819476725936,Curve 81,Length 200
564,0.6130233923678747,Curve 82,Length 200
566,0.7365198055070318,Curve 83,Length 200
568,0.5449389654337554,Curve 84,Length 200
570,0.5472995700037643,Curve 85,Length 200
572,0.6312621109783714,Curve 86,Length 200
574,0.579012194147092,Curve 87,Length 200
576,0.3795299675915978,Curve 88,Length 200
578,0.7109483541685863,Curve 89,Length 200
580,0.7052011705479738,Curve 90,Length 200
582,0.690429444699747,Curve 91,Length 200
584,0.5985775432832786,Curve 92,Length 200
586,0.4788703849618207,Curve 93,Length 200
588,0.7698372489220532,Curve 94,Length 200
590,0.6520106176275553,Curve 95,Length 200
592,0.6986816014056471,Curve 96,Length 200
594,0.737707004578645,Curve 97,Length 200
596,0.6525165429311897,Curve 98,Length 200
598,0.6921635688884378,Curve 99,Length 200
600,0.5867096420098072,Curve 100,Length 200
602,0.4958850617339229,Curve 101,Length 200
604,0.6636949807003341,Curve 102,Length 200
606,0.7814504228617969,Curve 103,Length 200
608,0.439739021983661,Curve 104,Length 200
610,0.7464029326315301,Curve 105,Length 200
612,0.7992093979797118,Curve 106,Length 200
614,0.6802461980324381,Curve 107,Length 200
616,0.563982440575999,Curve 108,Length 200
618,0.4464003369354945,Curve 109,Length 200
620,0.8386036960131048,Curve 110,Length 200
622,0.8052153970649305,Curve 111,Length 200
624,0.7410332329609511,Curve 112,Length 200
626,0.633038464122344,Curve 113,Length 200
628,0.6296475937895119,Curve 114,Length 200
630,0.6726064459191942,Curve 115,Length 200
632,0.575265582412108,Curve 116,Length 200
634,0.3100396707158849,Curve 117,Length 200
636,0.5650014810672198,Curve 118,Length 200
638,0.7368535103322283,Curve 119,Length 200
640,0.6113091562152239,Curve 120,Length 200
642,0.6082456220167236,Curve 121,Length 200
644,0.7673343308546795,Curve 122,Length 200
646,0.6830412648621164,Curve 123,Length 200
648,0.6637600348269178,Curve 124,Length 200
650,0.7627041284071487,Curve 125,Length 200
652,0.6483350140563566,Curve 126,Length 200
654,0.7692471315031496,Curve 127,Length 200
656,0.754043782304781,Curve 128,Length 200
658,0.69416079718166,Curve 129,Length 200
660,0.8252745558106609,Curve 130,Length 200
662,0.2517207258339172,Curve 131,Length 200
664,0.3852531215816502,Curve 132,Length 200
666,0.6348391770945702,Curve 133,Length 200
668,0.8018579646212238,Curve 134,Length 200
670,0.5796279203511346,Curve 135,Length 200
672,0.7963919779223573,Curve 136,Length 200
674,0.7728196152828193,Curve 137,Length 200
676,0.6281121553707706,Curve 138,Length 200
678,0.6938599011170148,Curve 139,Length 200
680,0.5494694224102143,Curve 140,Length 200
682,0.6932399808037308,Curve 141,Length 200
684,0.6115567814072791,Curve 142,Length 200
686,0.7571631195314591,Curve 143,Length 200
688,0.548450833220649,Curve 144,Length 200
690,0.819403660941947,Curve 145,Length 200
692,0.4637100784941688,Curve 146,Length 200
694,0.7399790977996398,Curve 147,Length 200
696,0.4667694797259342,Curve 148,Length 200
698,0.5837660175479192,Curve 149,Length 200
700,0.579665564880121,Curve 150,Length 200
702,0.7364125161979737,Curve 151,Length 200
704,0.75568746494667,Curve 152,Length 200
706,0.6840824622558478,Curve 153,Length 200
708,0.4869963002435236,Curve 154,Length 200
710,0.5946915018563534,Curve 155,Length 200
712,0.684528273579939,Curve 156,Length 200
714,0.6836815854359458,Curve 157,Length 200
716,0.5875363297155184,Curve 158,Length 200
718,0.5584372838914706,Curve 159,Length 200
720,0.6748504175465835,Curve 160,Length 200
722,0.814237272783843,Curve 161,Length 200
724,0.6199076208816491,Curve 162,Length 200
726,0.5377602912749649,Curve 163,Length 200
728,0.7254611358266727,Curve 164,Length 200
730,0.7576005874928737,Curve 165,Length 200
732,0.7041002899536849,Curve 166,Length 200
734,0.8259816530933025,Curve 167,Length 200
736,0.755745285297868,Curve 168,Length 200
738,0.500851923349552,Curve 169,Length 200
740,0.4266872546858189,Curve 170,Length 200
742,0.490388543900414,Curve 171,Length 200
744,0.8631998190778404,Curve 172,Length 200
746,0.7807669672321164,Curve 173,Length 200
748,0.7157856368431469,Curve 174,Length 200
750,0.7200352909218156,Curve 175,Length 200
752,0.3643820423496414,Curve 176,Length 200
754,0.5636307921544014,Curve 177,Length 200
756,0.512282650624512,Curve 178,Length 200
758,0.6394998531408861,Curve 179,Length 200
760,0.4865971144792129,Curve 180,Length 200
762,0.6796346817850388,Curve 181,Length 200
764,0.5357068070642902,Curve 182,Length 200
766,0.4834403860967957,Curve 183,Length 200
768,0.6721448942428259,Curve 184,Length 200
770,0.5446999289585959,Curve 185,Length 200
772,0.7722176149797401,Curve 186,Length 200
774,0.426314677170359,Curve 187,Length 200
776,0.6682071275798495,Curve 188,Length 200
778,0.7065471343344711,Curve 189,Length 200
780,0.5459970174207175,Curve 190,Length 200
782,0.5801116998813916,Curve 191,Length 200
784,0.8292860381729382,Curve 192,Length 200
786,0.7281554596570807,Curve 193,Length 200
788,0.6622864760328316,Curve 194,Length 200
790,0.6916842737914186,Curve 195,Length 200
792,0.6139541028802085,Curve 196,Length 200
794,0.6693696812123214,Curve 197,Length 200
796,0.616830818869204,Curve 198,Length 200
798,0.73523411359059,Curve 199,Length 200
800,0.8094531383179175,Curve 0,Length 300
802,0.66298801464505,Curve 1,Length 300
804,0.4650939066189689,Curve 2,Length 300
806,0.7466606681313172,Curve 3,Length 300
808,0.6017850755919946,Curve 4,Length 300
810,0.5188117116269085,Curve 5,Length 300
812,0.7479000945668614,Curve 6,Length 300
814,0.6635076700726135,Curve 7,Length 300
816,0.6813058836031075,Curve 8,Length 300
818,0.435211978119538,Curve 9,Length 300
820,0.7071897782805155,Curve 10,Length 300
822,0.6526145146542046,Curve 11,Length 300
824,0.6229112986269494,Curve 12,Length 300
826,0.5564877692176624,Curve 13,Length 300
828,0.7691577143088616,Curve 14,Length 300
830,0.6863224388064596,Curve 15,Length 300
832,0.4619427498279631,Curve 16,Length 300
834,0.4320236796652869,Curve 17,Length 300
836,0.5667192235372939,Curve 18,Length 300
838,0.5074524380440563,Curve 19,Length 300
840,0.7577082703153523,Curve 20,Length 300
842,0.7306053077576867,Curve 21,Length 300
844,0.661974632544555,Curve 22,Length 300
846,0.6967367545741066,Curve 23,Length 300
848,0.6925801421602197,Curve 24,Length 300
850,0.4939343782645155,Curve 25,Length 300
852,0.556695786678561,Curve 26,Length 300
854,0.7259402847979838,Curve 27,Length 300
856,0.1829876959886076,Curve 28,Length 300
858,0.709524626671701,Curve 29,Length 300
860,0.6234783787114357,Curve 30,Length 300
862,0.630728877706602,Curve 31,Length 300
864,0.7209517377108599,Curve 32,Length 300
866,0.6176113487981042,Curve 33,Length 300
868,0.5647519991868835,Curve 34,Length 300
870,0.8156509183939059,Curve 35,Length 300
872,0.5742149215868686,Curve 36,Length 300
874,0.6518886391109614,Curve 37,Length 300
876,0.6864690189665581,Curve 38,Length 300
878,0.6726009605323018,Curve 39,Length 300
880,0.5186781731782817,Curve 40,Length 300
882,0.7483953146679323,Curve 41,Length 300
884,0.591040524181545,Curve 42,Length 300
886,0.6788140756873211,Curve 43,Length 300
888,0.5168442839258357,Curve 44,Length 300
890,0.5307556981833335,Curve 45,Length 300
892,0.6073974920300204,Curve 46,Length 300
894,0.4407934750998216,Curve 47,Length 300
896,0.6635045176692947,Curve 48,Length 300
898,0.718145108077071,Curve 49,Length 300
900,0.6967941145684637,Curve 50,Length 300
902,0.3927407884774893,Curve 51,Length 300
904,0.6687713867120763,Curve 52,Length 300
906,0.8200408917221931,Curve 53,Length 300
908,0.54388301739915,Curve 54,Length 300
910,0.5886371272767801,Curve 55,Length 300
912,0.4584732562963755,Curve 56,Length 300
914,0.6335000900320874,Curve 57,Length 300
916,0.49855758590222,Curve 58,Length 300
918,0.6567025087810685,Curve 59,Length 300
920,0.6666994851789143,Curve 60,Length 300
922,0.5104852804849134,Curve 61,Length 300
924,0.6780624693015764,Curve 62,Length 300
926,0.5735667153891431,Curve 63,Length 300
928,0.5497895779183716,Curve 64,Length 300
930,0.5942640857966056,Curve 65,Length 300
932,0.5917123127698699,Curve 66,Length 300
934,0.5992812370911386,Curve 67,Length 300
936,0.6743200211013984,Curve 68,Length 300
938,0.4901087053578434,Curve 69,Length 300
940,0.5965523718483108,Curve 70,Length 300
942,0.7056127015246139,Curve 71,Length 300
944,0.8186755111661639,Curve 72,Length 300
946,0.6807475340431145,Curve 73,Length 300
948,0.5911301916020777,Curve 74,Length 300
950,0.5637759053930539,Curve 75,Length 300
952,0.7897880014743837,Curve 76,Length 300
954,0.2931243605423616,Curve 77,Length 300
956,0.6362507590057288,Curve 78,Length 300
958,0.7241812140427374,Curve 79,Length 300
960,0.7044310983801205,Curve 80,Length 300
962,0.5860151336044669,Curve 81,Length 300
964,0.5887734091413457,Curve 82,Length 300
966,0.5689125270620766,Curve 83,Length 300
968,0.7986927819798398,Curve 84,Length 300
970,0.7705639919878194,Curve 85,Length 300
972,0.705504350601192,Curve 86,Length 300
974,0.7657713109893476,Curve 87,Length 300
976,0.4850596883573401,Curve 88,Length 300
978,0.5407500005773866,Curve 89,Length 300
980,0.803100731386451,Curve 90,Length 300
982,0.5954793153339035,Curve 91,Length 300
984,0.6567102798567435,Curve 92,Length 300
986,0.7091404388394134,Curve 93,Length 300
988,0.7523536354623048,Curve 94,Length 300
990,0.779939137519842,Curve 95,Length 300
992,0.3891975036153575,Curve 96,Length 300
994,0.6701454355943557,Curve 97,Length 300
996,0.4816996270673208,Curve 98,Length 300
998,0.7262386973319993,Curve 99,Length 300
1000,0.7048076066950054,Curve 100,Length 300
1002,0.5227649281348241,Curve 101,Length 300
1004,0.5033218846230455,Curve 102,Length 300
1006,0.5947448438597407,Curve 103,Length 300
1008,0.6887818916273134,Curve 104,Length 300
1010,0.6811617706085948,Curve 105,Length 300
1012,0.6494562646747746,Curve 106,Length 300
1014,0.7684455407976262,Curve 107,Length 300
1016,0.4222683247810342,Curve 108,Length 300
1018,0.7442038876100298,Curve 109,Length 300
1020,0.3539947553251026,Curve 110,Length 300
1022,0.8005122745215854,Curve 111,Length 300
1024,0.7415945299373811,Curve 112,Length 300
1026,0.523212246026136,Curve 113,Length 300
1028,0.7077725514813844,Curve 114,Length 300
1030,0.6626912586971986,Curve 115,Length 300
1032,0.4988652200698152,Curve 116,Length 300
1034,0.5490598822550696,Curve 117,Length 300
1036,0.5614191020093674,Curve 118,Length 300
1038,0.7478471932996573,Curve 119,Length 300
1040,0.5006351283607072,Curve 120,Length 300
1042,0.6666222768039503,Curve 121,Length 300
1044,0.5966139638557515,Curve 122,Length 300
1046,0.5644893717187778,Curve 123,Length 300
1048,0.6089912221522308,Curve 124,Length 300
1050,0.7590623540363092,Curve 125,Length 300
1052,0.7103729135660323,Curve 126,Length 300
1054,0.6105706480060134,Curve 127,Length 300
1056,0.5119143807322657,Curve 128,Length 300
1058,0.5035464006878984,Curve 129,Length 300
1060,0.6298925728487734,Curve 130,Length 300
1062,0.6619813194230095,Curve 131,Length 300
1064,0.6902291661226055,Curve 132,Length 300
1066,0.5308026265095674,Curve 133,Length 300
1068,0.5151814521066219,Curve 134,Length 300
1070,0.7705608329326343,Curve 135,Length 300
1072,0.4037969776439992,Curve 136,Length 300
1074,0.6078977080098964,Curve 137,Length 300
1076,0.6020881803318776,Curve 138,Length 300
1078,0.637369766004995,Curve 139,Length 300
1080,0.3824965613492986,Curve 140,Length 300
1082,0.6674246162114488,Curve 141,Length 300
1084,0.6481046191426609,Curve 142,Length 300
1086,0.6893678321267297,Curve 143,Length 300
1088,0.654364692533287,Curve 144,Length 300
1090,0.5095394387527956,Curve 145,Length 300
1092,0.6445472990178418,Curve 146,Length 300
1094,0.6585394208887687,Curve 147,Length 300
1096,0.5443876308429856,Curve 148,Length 300
1098,0.6423343318098805,Curve 149,Length 300
1100,0.6859997246475302,Curve 150,Length 300
1102,0.5895928842650233,Curve 151,Length 300
1104,0.5723479933652555,Curve 152,Length 300
1106,0.8302888773506605,Curve 153,Length 300
1108,0.6663305277320664,Curve 154,Length 300
1110,0.6256164190283497,Curve 155,Length 300
1112,0.7745961258900012,Curve 156,Length 300
1114,0.5798768248815904,Curve 157,Length 300
1116,0.6181001278221748,Curve 158,Length 300
1118,0.7502476717127433,Curve 159,Length 300
1120,0.6790404134388217,Curve 160,Length 300
1122,0.4481131412851928,Curve 161,Length 300
1124,0.659586458010732,Curve 162,Length 300
1126,0.5294351398284047,Curve 163,Length 300
1128,0.560352870682805,Curve 164,Length 300
1130,0.5734743028823959,Curve 165,Length 300
1132,0.66071285030543,Curve 166,Length 300
1134,0.6194479091042768,Curve 167,Length 300
1136,0.7096764119640547,Curve 168,Length 300
1138,0.7614673131154573,Curve 169,Length 300
1140,0.5910375328807203,Curve 170,Length 300
1142,0.5591943099179215,Curve 171,Length 300
1144,0.7259941799604924,Curve 172,Length 300
1146,0.5474714073291109,Curve 173,Length 300
1148,0.7020172600645104,Curve 174,Length 300
1150,0.7307888998527836,Curve 175,Length 300
1152,0.4678519190412544,Curve 176,Length 300
1154,0.6715782807693627,Curve 177,Length 300
1156,0.7658396368219605,Curve 178,Length 300
1158,0.4265168361540159,Curve 179,Length 300
1160,0.7986096159601223,Curve 180,Length 300
1162,0.7074999917666024,Curve 181,Length 300
1164,0.667723201041001,Curve 182,Length 300
1166,0.7384543413913063,Curve 183,Length 300
1168,0.5994560900862347,Curve 184,Length 300
1170,0.6916825221250235,Curve 185,Length 300
1172,0.4739834954456791,Curve 186,Length 300
1174,0.6787673247632808,Curve 187,Length 300
1176,0.8026169694134359,Curve 188,Length 300
1178,0.5871023004946448,Curve 189,Length 300
1180,0.514979592045248,Curve 190,Length 300
1182,0.5306192959024497,Curve 191,Length 300
1184,0.7239349288122768,Curve 192,Length 300
1186,0.6039240317868553,Curve 193,Length 300
1188,0.584394224743553,Curve 194,Length 300
1190,0.7464863836831157,Curve 195,Length 300
1192,0.5297539674798789,Curve 196,Length 300
1194,0.7723139441217542,Curve 197,Length 300
1196,0.6240559708436331,Curve 198,Length 300
1198,0.7814641100934471,Curve 199,Length 300
1200,0.6253157574073657,Curve 0,Length 400
1202,0.6353669856080066,Curve 1,Length 400
1204,0.6796241351040794,Curve 2,Length 400
1206,0.5052125385594013,Curve 3,Length 400
1208,0.5191385374436118,Curve 4,Length 400
1210,0.6825524071221486,Curve 5,Length 400
1212,0.7098387170313557,Curve 6,Length 400
1214,0.6152425968748002,Curve 7,Length 400
1216,0.5221450329128074,Curve 8,Length 400
1218,0.6765111452426866,Curve 9,Length 400
1220,0.5189044449763589,Curve 10,Length 400
1222,0.6297227395699866,Curve 11,Length 400
1224,0.5015003758604668,Curve 12,Length 400
1226,0.7000441264107257,Curve 13,Length 400
1228,0.5071487514515011,Curve 14,Length 400
1230,0.6227495357615258,Curve 15,Length 400
1232,0.5731354480282863,Curve 16,Length 400
1234,0.6853192426331176,Curve 17,Length 400
1236,0.6997555643822092,Curve 18,Length 400
1238,0.5400287919380249,Curve 19,Length 400
1240,0.5067655929249221,Curve 20,Length 400
1242,0.5675631654409385,Curve 21,Length 400
1244,0.5787141635953671,Curve 22,Length 400
1246,0.4952691948004694,Curve 23,Length 400
1248,0.6181998395503386,Curve 24,Length 400
1250,0.5287236018053922,Curve 25,Length 400
1252,0.5899985931476184,Curve 26,Length 400
1254,0.5851711490160688,Curve 27,Length 400
1256,0.7284099280820837,Curve 28,Length 400
1258,0.5700963853085289,Curve 29,Length 400
1260,0.6919292628540631,Curve 30,Length 400
1262,0.5907681528675376,Curve 31,Length 400
1264,0.5957952491773016,Curve 32,Length 400
1266,0.6299432193298707,Curve 33,Length 400
1268,0.5890619319705428,Curve 34,Length 400
1270,0.4770532043065079,Curve 35,Length 400
1272,0.641711278433749,Curve 36,Length 400
1274,0.6670868060812987,Curve 37,Length 400
1276,0.521371510049711,Curve 38,Length 400
1278,0.427181755953226,Curve 39,Length 400
1280,0.5144791243298195,Curve 40,Length 400
1282,0.5703800784165888,Curve 41,Length 400
1284,0.6537008208389609,Curve 42,Length 400
1286,0.7060740659701308,Curve 43,Length 400
1288,0.6091891193936252,Curve 44,Length 400
1290,0.5075606631685333,Curve 45,Length 400
1292,0.6949650619382521,Curve 46,Length 400
1294,0.6020376124601435,Curve 47,Length 400
1296,0.6234986623284251,Curve 48,Length 400
1298,0.6258053322529118,Curve 49,Length 400
1300,0.579214562106139,Curve 50,Length 400
1302,0.4799027850421565,Curve 51,Length 400
1304,0.6344828394269697,Curve 52,Length 400
1306,0.517601002101218,Curve 53,Length 400
1308,0.523804364942978,Curve 54,Length 400
1310,0.5600860097869986,Curve 55,Length 400
1312,0.6604716428305393,Curve 56,Length 400
1314,0.6481867009197908,Curve 57,Length 400
1316,0.5774115175569389,Curve 58,Length 400
1318,0.7210527605669316,Curve 59,Length 400
1320,0.6627350719842905,Curve 60,Length 400
1322,0.6819120236615582,Curve 61,Length 400
1324,0.5167083530483334,Curve 62,Length 400
1326,0.7103807304683638,Curve 63,Length 400
1328,0.5047486258763337,Curve 64,Length 400
1330,0.4631559674801029,Curve 65,Length 400
1332,0.674832990925796,Curve 66,Length 400
1334,0.6152084949907619,Curve 67,Length 400
1336,0.5848612083157179,Curve 68,Length 400
1338,0.705949758486947,Curve 69,Length 400
1340,0.4940039511159073,Curve 70,Length 400
1342,0.4535143446321928,Curve 71,Length 400
1344,0.6079357023051803,Curve 72,Length 400
1346,0.531896213005324,Curve 73,Length 400
1348,0.6418926435645256,Curve 74,Length 400
1350,0.7162737863238893,Curve 75,Length 400
1352,0.7505031391168308,Curve 76,Length 400
1354,0.6380086400102706,Curve 77,Length 400
1356,0.6669606703739646,Curve 78,Length 400
1358,0.4977203782619659,Curve 79,Length 400
1360,0.6939186085222989,Curve 80,Length 400
1362,0.5895447683832217,Curve 81,Length 400
1364,0.6339019300671626,Curve 82,Length 400
1366,0.6255385767798318,Curve 83,Length 400
1368,0.481042571386121,Curve 84,Length 400
1370,0.6832588577790316,Curve 85,Length 400
1372,0.5643528826844685,Curve 86,Length 400
1374,0.6127372568385523,Curve 87,Length 400
1376,0.5508098639051273,Curve 88,Length 400
1378,0.7182422396199396,Curve 89,Length 400
1380,0.5096822878734856,Curve 90,Length 400
1382,0.392468796618083,Curve 91,Length 400
1384,0.5289241390622228,Curve 92,Length 400
1386,0.6813341642902516,Curve 93,Length 400
1388,0.6911277222369626,Curve 94,Length 400
1390,0.5188699867360305,Curve 95,Length 400
1392,0.7322174813787757,Curve 96,Length 400
1394,0.5971094294926432,Curve 97,Length 400
1396,0.6597645375142013,Curve 98,Length 400
1398,0.5150413076315286,Curve 99,Length 400
1400,0.5155935028612814,Curve 100,Length 400
1402,0.4405345729168008,Curve 101,Length 400
1404,0.7200331043726574,Curve 102,Length 400
1406,0.6574496121646493,Curve 103,Length 400
1408,0.68856251371337,Curve 104,Length 400
1410,0.5786027612156961,Curve 105,Length 400
1412,0.7022511589537526,Curve 106,Length 400
1414,0.6489943691139296,Curve 107,Length 400
1416,0.6603542218068348,Curve 108,Length 400
1418,0.6058979211310043,Curve 109,Length 400
1420,0.5041813317436341,Curve 110,Length 400
1422,0.6325578543666014,Curve 111,Length 400
1424,0.4799786899995235,Curve 112,Length 400
1426,0.5443144017401709,Curve 113,Length 400
1428,0.6888114207820812,Curve 114,Length 400
1430,0.7122779697930988,Curve 115,Length 400
1432,0.5630077029470438,Curve 116,Length 400
1434,0.6607561036773195,Curve 117,Length 400
1436,0.4903154938816657,Curve 118,Length 400
1438,0.615877402072728,Curve 119,Length 400
1440,0.5905002902081318,Curve 120,Length 400
1442,0.6132654808016096,Curve 121,Length 400
1444,0.7472618591379386,Curve 122,Length 400
1446,0.5374178016618748,Curve 123,Length 400
1448,0.6879206594187286,Curve 124,Length 400
1450,0.7274475343711736,Curve 125,Length 400
1452,0.366058552171892,Curve 126,Length 400
1454,0.6080143430821239,Curve 127,Length 400
1456,0.6146648330146498,Curve 128,Length 400
1458,0.5596590252742217,Curve 129,Length 400
1460,0.6232554433422594,Curve 130,Length 400
1462,0.5043126452598022,Curve 131,Length 400
1464,0.5987258324165574,Curve 132,Length 400
1466,0.6544901753721759,Curve 133,Length 400
1468,0.6313710515895122,Curve 134,Length 400
1470,0.4135269993937646,Curve 135,Length 400
1472,0.6312596766152166,Curve 136,Length 400
1474,0.6282801279995047,Curve 137,Length 400
1476,0.6723582380651387,Curve 138,Length 400
1478,0.6559792524944633,Curve 139,Length 400
1480,0.6155653148070895,Curve 140,Length 400
1482,0.696480478053939,Curve 141,Length 400
1484,0.7284640494652856,Curve 142,Length 400
1486,0.4290800585280304,Curve 143,Length 400
1488,0.5978328766776784,Curve 144,Length 400
1490,0.5533010757271946,Curve 145,Length 400
1492,0.4046861900389655,Curve 146,Length 400
1494,0.3911528853434954,Curve 147,Length 400
1496,0.5481714168422281,Curve 148,Length 400
1498,0.6081068700672435,Curve 149,Length 400
1500,0.5464228429971143,Curve 150,Length 400
1502,0.6196709514460434,Curve 151,Length 400
1504,0.6583491108641545,Curve 152,Length 400
1506,0.6503780235081782,Curve 153,Length 400
1508,0.7696680792719519,Curve 154,Length 400
1510,0.6811134712606833,Curve 155,Length 400
1512,0.5025583457869003,Curve 156,Length 400
1514,0.6764147594432364,Curve 157,Length 400
1516,0.6211037074772607,Curve 158,Length 400
1518,0.6142843818864981,Curve 159,Length 400
1520,0.6572563813582843,Curve 160,Length 400
1522,0.7065698832044197,Curve 161,Length 400
1524,0.5576145973836979,Curve 162,Length 400
1526,0.4679296472946016,Curve 163,Length 400
1528,0.4849117625331405,Curve 164,Length 400
1530,0.6728889660433253,Curve 165,Length 400
1532,0.5851356050544227,Curve 166,Length 400
1534,0.5749617012977158,Curve 167,Length 400
1536,0.6907411533493918,Curve 168,Length 400
1538,0.6100897109618421,Curve 169,Length 400
1540,0.6099199684698329,Curve 170,Length 400
1542,0.7026553705607012,Curve 171,Length 400
1544,0.4367616702074004,Curve 172,Length 400
1546,0.4725402682469428,Curve 173,Length 400
1548,0.6202307069052848,Curve 174,Length 400
1550,0.5861396951340088,Curve 175,Length 400
1552,0.6079678211072059,Curve 176,Length 400
1554,0.6511315120361347,Curve 177,Length 400
1556,0.4065722434257485,Curve 178,Length 400
1558,0.5980865017126087,Curve 179,Length 400
1560,0.5907779397244828,Curve 180,Length 400
1562,0.7405359419771725,Curve 181,Length 400
1564,0.6228511514835324,Curve 182,Length 400
1566,0.6105264738424558,Curve 183,Length 400
1568,0.6042362702578826,Curve 184,Length 400
1570,0.6309250803283928,Curve 185,Length 400
1572,0.6513673949580353,Curve 186,Length 400
1574,0.6980661541300127,Curve 187,Length 400
1576,0.8146369703672369,Curve 188,Length 400
1578,0.6483356358214595,Curve 189,Length 400
1580,0.512620929180341,Curve 190,Length 400
1582,0.74992225528455,Curve 191,Length 400
1584,0.4012539796362706,Curve 192,Length 400
1586,0.646494250900759,Curve 193,Length 400
1588,0.6574007508345766,Curve 194,Length 400
1590,0.6872355401563447,Curve 195,Length 400
1592,0.491520284931827,Curve 196,Length 400
1594,0.6906145310994657,Curve 197,Length 400
1596,0.6276542301870368,Curve 198,Length 400
1598,0.7856903531232898,Curve 199,Length 400
