,Name,Correlation with ROG,Correlation with pairwise distances,Correlation between ROG and pairwise distances,Length
0,Curve 0,-0.3659143138602881,-0.3444436797725587,0.9474806371771063,Length 100
1,Curve 1,-0.4773301082598637,-0.43523603387500664,0.8233855068572717,Length 100
2,Curve 2,-0.39646833365918227,-0.39051412775512084,0.8680335309812868,Length 100
3,Curve 3,-0.5053766311768543,-0.5002174347840265,0.8984911180793694,Length 100
4,Curve 4,-0.4114973055480588,-0.37654127190078357,0.9341285213388774,Length 100
5,Curve 5,-0.5790167955559181,-0.569592470856315,0.8769636804766434,Length 100
6,Curve 6,-0.5131692950023871,-0.5180192550071915,0.9527960396781272,Length 100
7,Curve 7,-0.4830357676711534,-0.5061878017786837,0.9509102856593493,Length 100
8,Curve 8,-0.4369454031234836,-0.45810834992896726,0.9039080470120512,Length 100
9,Curve 9,-0.46371494471315694,-0.44957506720013934,0.8753237286405192,Length 100
10,Curve 10,-0.26685078178914384,-0.4187001975102105,0.5596380846593235,Length 100
11,Curve 11,-0.3858029375401874,-0.4646012377559756,0.6662461042796175,Length 100
12,Curve 12,-0.3680140414545408,-0.4557802138470464,0.7274569388252763,Length 100
13,Curve 13,-0.39945158663310076,-0.4277622191869162,0.9705241885890383,Length 100
14,Curve 14,-0.38680511888602453,-0.418111794399086,0.9324686394283364,Length 100
15,Curve 15,-0.40530916639112186,-0.39182940775907293,0.7276786243977001,Length 100
16,Curve 16,-0.44422854979231174,-0.44570564058007434,0.8420496058931024,Length 100
17,Curve 17,-0.3557570514650242,-0.43051181200617217,0.6177270704276261,Length 100
18,Curve 18,-0.5131916759159798,-0.5038119652013975,0.7633373268262542,Length 100
19,Curve 19,-0.40019964949203607,-0.461275530906282,0.636749672666361,Length 100
20,Curve 20,-0.5612589094359621,-0.5446153667308681,0.7855500387451771,Length 100
21,Curve 21,-0.49559480135802547,-0.43647420784476526,0.8883490416269783,Length 100
22,Curve 22,-0.497776040784292,-0.4358203575299188,0.9293799559624528,Length 100
23,Curve 23,-0.37489246301109325,-0.3536286735794264,0.696606026976064,Length 100
24,Curve 24,-0.5219040792507796,-0.46130064916715263,0.8156124359818058,Length 100
25,Curve 25,-0.3525443013499419,-0.344071757407423,0.8672425360074784,Length 100
26,Curve 26,-0.4793720500263667,-0.5015839603686699,0.9648414513917811,Length 100
27,Curve 27,-0.396440893280753,-0.43438608335311385,0.9456661192730154,Length 100
28,Curve 28,-0.37136480910064157,-0.333388359160902,0.9034344133173231,Length 100
29,Curve 29,-0.5049911086519091,-0.49343241888560996,0.8979874097722038,Length 100
30,Curve 30,-0.45815681282524634,-0.48262780018517215,0.7113236536215747,Length 100
31,Curve 31,-0.24794564382027415,-0.2140011599834361,0.7228475918258516,Length 100
32,Curve 32,-0.4198160404965573,-0.4189139077430895,0.7098338873600615,Length 100
33,Curve 33,-0.5380065036283292,-0.501822131082076,0.8577086814383711,Length 100
34,Curve 34,-0.29054595593951743,-0.29667139753441235,0.8766930909570589,Length 100
35,Curve 35,-0.5090051374658795,-0.4809570125051194,0.8843620054219704,Length 100
36,Curve 36,-0.4891192932678065,-0.46607961150324295,0.8603508102569186,Length 100
37,Curve 37,-0.5216442160925472,-0.5651562298066592,0.8811031378006158,Length 100
38,Curve 38,-0.43542784326696204,-0.4481537150042134,0.9050823539586096,Length 100
39,Curve 39,-0.3203930127639477,-0.4571076504072344,0.6888596831993951,Length 100
40,Curve 40,-0.4002446133111738,-0.4258268039671764,0.9412341668868913,Length 100
41,Curve 41,-0.48344074105079915,-0.4687527718225726,0.8122938562552589,Length 100
42,Curve 42,-0.4056441540439519,-0.4232486028493266,0.8388265020842134,Length 100
43,Curve 43,-0.41255782869245644,-0.428672495865533,0.8034154550138327,Length 100
44,Curve 44,-0.4609027394272096,-0.47433845497032034,0.9022727058797267,Length 100
45,Curve 45,-0.35664564793161546,-0.3435321628547729,0.929797725872668,Length 100
46,Curve 46,-0.3733911480111623,-0.3944212085128601,0.6844835744982118,Length 100
47,Curve 47,-0.23902384431258605,-0.33224177822424067,0.6867874678342355,Length 100
48,Curve 48,-0.4423815017744813,-0.4802012025611038,0.8226300615137718,Length 100
49,Curve 49,-0.49346900631062607,-0.4954634842298522,0.8363074097499831,Length 100
50,Curve 50,-0.37265695750041683,-0.3820259993421628,0.9540330710182514,Length 100
51,Curve 51,-0.5200990945243212,-0.532965450253566,0.9331622154752214,Length 100
52,Curve 52,-0.46749323511934354,-0.43598618954695467,0.889943252520978,Length 100
53,Curve 53,-0.4783779214011531,-0.4179322403564409,0.9297088091403511,Length 100
54,Curve 54,-0.37252205260453064,-0.3865134719147849,0.76188908750614,Length 100
55,Curve 55,-0.2506665994754324,-0.3805593881209331,0.7660172408927267,Length 100
56,Curve 56,-0.4092643202054407,-0.43325979548889976,0.9326774347120425,Length 100
57,Curve 57,-0.36833561514916596,-0.5456658124433353,0.6624980965263919,Length 100
58,Curve 58,-0.48201377714940363,-0.5210198532855337,0.8828374485436037,Length 100
59,Curve 59,-0.4717346846133778,-0.45360741679723127,0.8492078465425058,Length 100
60,Curve 60,-0.5818748687840849,-0.5530922034681229,0.9445974586370327,Length 100
61,Curve 61,-0.4178652343688828,-0.4415890108698759,0.9623925746437112,Length 100
62,Curve 62,-0.5281606611349237,-0.529287650026096,0.8069292421861908,Length 100
63,Curve 63,-0.3342176581554518,-0.32222517232338266,0.9770119939057037,Length 100
64,Curve 64,-0.3982720353438871,-0.39443486696131247,0.7992187442766739,Length 100
65,Curve 65,-0.49007918466778133,-0.440397697383443,0.8543594769831638,Length 100
66,Curve 66,-0.5779314430509677,-0.5142921866031019,0.887852711984654,Length 100
67,Curve 67,-0.5581702842517461,-0.5513783376263581,0.8646343237766402,Length 100
68,Curve 68,-0.20002466939814603,-0.4301848399410895,0.6564400022340676,Length 100
69,Curve 69,-0.3644164903167556,-0.42913211132557794,0.8232057731383743,Length 100
70,Curve 70,-0.33584835994044565,-0.4033239348234936,0.8566418697466905,Length 100
71,Curve 71,-0.4364333966549335,-0.4815683945008895,0.9313092675370203,Length 100
72,Curve 72,-0.41557969402114775,-0.46238670741729543,0.8221790157564745,Length 100
73,Curve 73,-0.3429177102738536,-0.3797581868482434,0.8426447658315284,Length 100
74,Curve 74,-0.45812887748121206,-0.4251327218732678,0.9058962715993872,Length 100
75,Curve 75,-0.37314400296173544,-0.4072680899127302,0.9642699724171089,Length 100
76,Curve 76,-0.45072746663244084,-0.47621330001663653,0.856299589855459,Length 100
77,Curve 77,-0.4750751930392291,-0.45274859219676994,0.8741307632724529,Length 100
78,Curve 78,-0.5204771144445646,-0.46218488252569945,0.9478970909036087,Length 100
79,Curve 79,-0.35263125417906827,-0.4032963890280797,0.7395649368937901,Length 100
80,Curve 80,-0.4145645578262107,-0.49098716611709614,0.7624981539087944,Length 100
81,Curve 81,-0.43204714349622025,-0.4187104680058832,0.8156109534777488,Length 100
82,Curve 82,-0.35151874764802277,-0.4088685626435214,0.8193800038739368,Length 100
83,Curve 83,-0.5442004046445021,-0.5695198605986964,0.9558794925840096,Length 100
84,Curve 84,-0.42929487222765633,-0.4921346814993408,0.6537473347962766,Length 100
85,Curve 85,-0.3185502529330503,-0.3611391391673589,0.8206268465156524,Length 100
86,Curve 86,-0.3567335502897501,-0.30970562758368,0.7384135722198825,Length 100
87,Curve 87,-0.42129803194054144,-0.4165239994541674,0.917317705165884,Length 100
88,Curve 88,-0.02023337479504241,0.009022735155594092,0.9139512240468693,Length 100
89,Curve 89,-0.4808092287980605,-0.5233717621159873,0.7891103976508331,Length 100
90,Curve 90,-0.4052998454408014,-0.42905043233670725,0.9653644805034782,Length 100
91,Curve 91,-0.4470093591203949,-0.4653932244949434,0.83915275919574,Length 100
92,Curve 92,-0.4059242371774664,-0.43553757558262485,0.7061406753805927,Length 100
93,Curve 93,-0.4262724616293937,-0.39865587098718624,0.9210119023793826,Length 100
94,Curve 94,-0.38663715327987136,-0.4236355214720131,0.8121928136692305,Length 100
95,Curve 95,-0.4476539992269005,-0.4444959201763281,0.881359806674167,Length 100
96,Curve 96,-0.2908163547098505,-0.37758029734200904,0.736732596933823,Length 100
97,Curve 97,-0.4631489400933215,-0.4530787796981078,0.9096415832796009,Length 100
98,Curve 98,-0.44846558428845334,-0.4065387316963568,0.7515739792258344,Length 100
99,Curve 99,-0.44665881854605594,-0.44355946514342653,0.9179142651412024,Length 100
100,Curve 100,-0.5395487833647711,-0.529999282805753,0.9059611141205832,Length 100
101,Curve 101,-0.36920414039624483,-0.4087869172162109,0.7938539464308224,Length 100
102,Curve 102,-0.3231961170625413,-0.37486192610044383,0.8643720070822081,Length 100
103,Curve 103,-0.19169778878503207,-0.3023183134284685,0.5781297985686416,Length 100
104,Curve 104,-0.5520721912566905,-0.48579226373720225,0.8809974685597205,Length 100
105,Curve 105,-0.4247667659733352,-0.42281002352174174,0.8210728842381181,Length 100
106,Curve 106,-0.4307328322827056,-0.4351015383432751,0.8900774602685896,Length 100
107,Curve 107,-0.4552341150146482,-0.4755849962177997,0.7347100590368152,Length 100
108,Curve 108,-0.3802695837956982,-0.2669715298506449,0.6695808975486965,Length 100
109,Curve 109,-0.4359109675491444,-0.4197602600055415,0.8881789739886823,Length 100
110,Curve 110,-0.4993508695553195,-0.4688600624770235,0.8778332134105087,Length 100
111,Curve 111,-0.4823502150492854,-0.49327053456429226,0.9311797640782652,Length 100
112,Curve 112,-0.40082294999202983,-0.42181539240995847,0.9287448680464016,Length 100
113,Curve 113,-0.47638968532857373,-0.4518298046000917,0.9461369966765264,Length 100
114,Curve 114,-0.4179519262330026,-0.4996303791362528,0.7902880897463711,Length 100
115,Curve 115,-0.4446868281070923,-0.43290592404262546,0.8599667106578216,Length 100
116,Curve 116,-0.4476213549024372,-0.4663658637897608,0.9165710418918718,Length 100
117,Curve 117,-0.4542886360029924,-0.403684938940428,0.8397315758007228,Length 100
118,Curve 118,-0.40556142982967214,-0.4015849702637143,0.9206442474604313,Length 100
119,Curve 119,-0.43066767429968167,-0.42822906086131773,0.9615491750470384,Length 100
120,Curve 120,-0.34545977423191226,-0.376338307750538,0.6956660577799421,Length 100
121,Curve 121,-0.49408340031705017,-0.4901621281356877,0.7919425117981388,Length 100
122,Curve 122,-0.41772060649650344,-0.4094691595414781,0.8835665619208655,Length 100
123,Curve 123,-0.6363195064678752,-0.6013565783983775,0.9222201850084498,Length 100
124,Curve 124,-0.4127255978603158,-0.42922892301165966,0.9371523523546345,Length 100
125,Curve 125,-0.3100312403512906,-0.42963966031185497,0.7208491120035091,Length 100
126,Curve 126,-0.4775656181068917,-0.43029157179201943,0.7974745614072573,Length 100
127,Curve 127,-0.4557571538558941,-0.45982642571188004,0.8720131068216675,Length 100
128,Curve 128,-0.5046556854106294,-0.515644099316152,0.9030275145802429,Length 100
129,Curve 129,-0.37223177023906223,-0.3936947985348963,0.932052773731002,Length 100
130,Curve 130,-0.15301017641372305,-0.12552508702480789,0.6545643229666226,Length 100
131,Curve 131,-0.3484080618394372,-0.3601797724845877,0.9517322736654868,Length 100
132,Curve 132,-0.5075132801322499,-0.47818836039648893,0.8359652049667684,Length 100
133,Curve 133,-0.5942307434600064,-0.6145498132990426,0.8564911696211576,Length 100
134,Curve 134,-0.4703243712453669,-0.4598430803291018,0.938142693697024,Length 100
135,Curve 135,-0.44953648884382963,-0.494345587676472,0.7613486189136167,Length 100
136,Curve 136,-0.38443433054170384,-0.41575838614394117,0.8012613044990744,Length 100
137,Curve 137,-0.30498046025408365,-0.4651869836930492,0.48582271347618616,Length 100
138,Curve 138,-0.5130736073103002,-0.5341957662073676,0.896349831782683,Length 100
139,Curve 139,-0.45036770655071195,-0.4502583718461957,0.9329100974846677,Length 100
140,Curve 140,-0.3626852286600774,-0.35343848064127137,0.7924471656631293,Length 100
141,Curve 141,-0.4498436613155893,-0.4543335693446683,0.9369212172184826,Length 100
142,Curve 142,-0.49099688037150924,-0.4110803290825266,0.8916744623937173,Length 100
143,Curve 143,-0.34436906716380866,-0.4494656523665444,0.546486502304081,Length 100
144,Curve 144,-0.3939067668174396,-0.39121837195772174,0.9261578224858248,Length 100
145,Curve 145,-0.48596253700282693,-0.5188306104080813,0.888486487809045,Length 100
146,Curve 146,-0.4090787389144501,-0.4390871148931349,0.6939204462113068,Length 100
147,Curve 147,-0.40061656715461386,-0.4051625612835995,0.9193644957526504,Length 100
148,Curve 148,-0.5543388241914823,-0.5705432000195466,0.91370052686266,Length 100
149,Curve 149,-0.45700345827972305,-0.49758491227191937,0.9071472470932725,Length 100
150,Curve 150,-0.46383484765025185,-0.477498629821514,0.9512395440455786,Length 100
151,Curve 151,-0.5783266183757257,-0.5955158176055212,0.8723128484399144,Length 100
152,Curve 152,-0.26404026754708254,-0.3230866826241844,0.5803055946759296,Length 100
153,Curve 153,-0.4696548550824173,-0.4833194088364216,0.7799988746033014,Length 100
154,Curve 154,-0.6568236513892102,-0.6370724059049757,0.876683020996762,Length 100
155,Curve 155,-0.3104387883287982,-0.396186918042004,0.8420572717661219,Length 100
156,Curve 156,-0.3846904319114839,-0.41632526012537496,0.5617986487584226,Length 100
157,Curve 157,-0.42774616447962055,-0.4410191348529019,0.8665587582603023,Length 100
158,Curve 158,-0.5015151818690686,-0.526226954656834,0.8037192596992362,Length 100
159,Curve 159,-0.5655915050338108,-0.4172094121499014,0.8367358964964766,Length 100
160,Curve 160,-0.3749595678980451,-0.40410866821873576,0.8773786224466629,Length 100
161,Curve 161,-0.44325705163175044,-0.4528997519005482,0.8907590978020972,Length 100
162,Curve 162,-0.5517614911854927,-0.4872831144635685,0.8935429709167928,Length 100
163,Curve 163,-0.4740328868924209,-0.46259680752185844,0.9115542287935517,Length 100
164,Curve 164,-0.424027590996754,-0.40427799702318684,0.9219645679797399,Length 100
165,Curve 165,-0.4606436062685314,-0.43294192617056465,0.8052966486450849,Length 100
166,Curve 166,-0.44655204423597505,-0.4427064217479479,0.8917426886171246,Length 100
167,Curve 167,-0.5438504235323119,-0.5010456791146856,0.8963722862055753,Length 100
168,Curve 168,-0.49796744834777373,-0.45775468488868637,0.9245145579561047,Length 100
169,Curve 169,-0.43146199695640924,-0.419116368118537,0.905340701408572,Length 100
170,Curve 170,-0.5271937831264216,-0.5102844386919765,0.8775504419895249,Length 100
171,Curve 171,-0.29954832597631975,-0.2832261970519272,0.8061698171359257,Length 100
172,Curve 172,-0.41921366946417743,-0.4050362234654475,0.8529775441934261,Length 100
173,Curve 173,-0.42629589090762454,-0.43764648789537663,0.8838212320432347,Length 100
174,Curve 174,-0.4751862560975326,-0.4598324887530595,0.8541791768369869,Length 100
175,Curve 175,-0.4404895251866316,-0.44142179743579135,0.8050522958024329,Length 100
176,Curve 176,-0.4333838259099914,-0.4186736134362518,0.9618015121430247,Length 100
177,Curve 177,-0.4161824824233817,-0.43464199170864587,0.9486567474058972,Length 100
178,Curve 178,-0.5275271510400508,-0.4862976780216992,0.7807557516628905,Length 100
179,Curve 179,-0.5006269570441527,-0.49609682091446416,0.9458489436166995,Length 100
180,Curve 180,-0.5605459129112582,-0.4800022926761629,0.9042940210880994,Length 100
181,Curve 181,-0.3728727185039506,-0.4243298124584567,0.6274649137852081,Length 100
182,Curve 182,-0.5495482337161721,-0.4943810258099793,0.9215547052327273,Length 100
183,Curve 183,-0.48904676012389586,-0.5078368551543406,0.9133377416635793,Length 100
184,Curve 184,-0.4681956994757521,-0.5053176837848873,0.8438813909874066,Length 100
185,Curve 185,-0.3783698927562449,-0.38516698768525043,0.8489906673429769,Length 100
186,Curve 186,-0.3629881114118491,-0.43191700446426134,0.7666924091153959,Length 100
187,Curve 187,-0.5150180330455286,-0.5120909067406049,0.759198950033421,Length 100
188,Curve 188,-0.41818532043939144,-0.39716409807050884,0.8439495033903622,Length 100
189,Curve 189,-0.5583814069952671,-0.5835347765131584,0.8849300099603079,Length 100
190,Curve 190,-0.5173642972258394,-0.4738986495339629,0.9202224699341593,Length 100
191,Curve 191,-0.44436230712662494,-0.423317204147759,0.93684793741093,Length 100
192,Curve 192,-0.4066736976454683,-0.3950811515368819,0.9398654528492453,Length 100
193,Curve 193,-0.28602996383609613,-0.473553404633809,0.5897740130820581,Length 100
194,Curve 194,-0.40449002380947574,-0.4291594101813633,0.5501899827950821,Length 100
195,Curve 195,-0.36643145077470735,-0.45562780979331163,0.7736559230109474,Length 100
196,Curve 196,-0.48505598163953617,-0.4575598930300079,0.7558948762346444,Length 100
197,Curve 197,-0.47655076774351723,-0.5009985358372381,0.8110390668930185,Length 100
198,Curve 198,-0.4362743395183039,-0.46158109672348235,0.646373565827975,Length 100
199,Curve 199,-0.4341344793185248,-0.4269858785376451,0.9604511482689437,Length 100
0,Curve 0,-0.43069141138247763,-0.42045943666452273,0.8805281445590366,Length 200
1,Curve 1,-0.409538414576039,-0.39282177327928414,0.9260820243881968,Length 200
2,Curve 2,-0.5606619590851519,-0.5312741785621901,0.8093703136887741,Length 200
3,Curve 3,-0.5210018617161065,-0.4886475523685834,0.8922781672765312,Length 200
4,Curve 4,-0.38486940963032085,-0.37697370949385794,0.8777674938253232,Length 200
5,Curve 5,-0.4693644664568836,-0.3729741862702537,0.6555667407238968,Length 200
6,Curve 6,-0.5556416784806144,-0.5058822314009088,0.6956091305667541,Length 200
7,Curve 7,-0.450294874978295,-0.43762326835410353,0.7450918719462598,Length 200
8,Curve 8,-0.5715199430063054,-0.5851068324014379,0.8981616178916781,Length 200
9,Curve 9,-0.31033558763784347,-0.29913128007475487,0.7131481143080454,Length 200
10,Curve 10,-0.48221250793855674,-0.4740026370093716,0.7878860820936252,Length 200
11,Curve 11,-0.40750552573418636,-0.4353834030480798,0.5656580645898751,Length 200
12,Curve 12,-0.4184272881322743,-0.43018064842409587,0.8779961589754911,Length 200
13,Curve 13,-0.4086225609929364,-0.4148571918873022,0.7946738801341813,Length 200
14,Curve 14,-0.3579918673060226,-0.36401197214416736,0.9581587092045398,Length 200
15,Curve 15,-0.5874996531396787,-0.5854931747783891,0.885403183310233,Length 200
16,Curve 16,-0.44438799013324726,-0.4644289608920178,0.7908345062105651,Length 200
17,Curve 17,-0.5119041981411959,-0.48304638005919837,0.8569364390614854,Length 200
18,Curve 18,-0.4132689565822077,-0.45399852399977636,0.8978240291602714,Length 200
19,Curve 19,-0.44113722678803136,-0.492609391925469,0.9515725048273036,Length 200
20,Curve 20,-0.3234977444156005,-0.35942554884753,0.9664967977173353,Length 200
21,Curve 21,-0.475147021662827,-0.4501770095155214,0.7723301851759495,Length 200
22,Curve 22,-0.39502914040121945,-0.3774278895479681,0.9352073455178673,Length 200
23,Curve 23,-0.43347066709309234,-0.4791072327503065,0.938133914238271,Length 200
24,Curve 24,-0.43143204573256216,-0.43490715451983547,0.9463776520590969,Length 200
25,Curve 25,-0.4192629147542391,-0.40337840606072495,0.904685398610172,Length 200
26,Curve 26,-0.4529713389646425,-0.4534256514647023,0.9258105750085984,Length 200
27,Curve 27,-0.44092260998843175,-0.4431666134039049,0.89290063753986,Length 200
28,Curve 28,-0.48466813220231875,-0.5147848359571898,0.9683220949975572,Length 200
29,Curve 29,-0.45785883692152196,-0.4490927410353111,0.8630400043817351,Length 200
30,Curve 30,-0.39542193222686917,-0.42196603519287185,0.8949758225615574,Length 200
31,Curve 31,-0.42143971673304403,-0.4113402285961151,0.879463922093965,Length 200
32,Curve 32,-0.4873198876630999,-0.47104183129979005,0.7702211632312834,Length 200
33,Curve 33,-0.44648002391914476,-0.464974753210984,0.8985013881936216,Length 200
34,Curve 34,-0.41111106266397035,-0.38248068504329386,0.9453815675842995,Length 200
35,Curve 35,-0.173119234634586,-0.37931104213656314,0.42893374672068074,Length 200
36,Curve 36,-0.43334750836055375,-0.38568519135844964,0.48080754042445895,Length 200
37,Curve 37,-0.5080846355314902,-0.5151202893363404,0.6969670974335977,Length 200
38,Curve 38,-0.48794448453586714,-0.49488608472355,0.7075672022655234,Length 200
39,Curve 39,-0.5556872101368455,-0.5589384839379925,0.8807256021099374,Length 200
40,Curve 40,-0.5107147488664568,-0.5190196328258668,0.7724363043620245,Length 200
41,Curve 41,-0.5438159097623229,-0.5017810356095102,0.7681577569522876,Length 200
42,Curve 42,-0.40310775268402177,-0.3857884334484585,0.9178872873876079,Length 200
43,Curve 43,-0.47022969999769704,-0.433561283432853,0.8264973976213615,Length 200
44,Curve 44,-0.5083959035747341,-0.4454118934328333,0.7990823974307488,Length 200
45,Curve 45,-0.40455323402493,-0.41406176411099666,0.6082178279494689,Length 200
46,Curve 46,-0.4540367148871534,-0.43500995782860774,0.8727514394070862,Length 200
47,Curve 47,-0.44681648321833056,-0.4469520906504254,0.9420683138911243,Length 200
48,Curve 48,-0.3405994104658356,-0.434153735705148,0.6645149533674449,Length 200
49,Curve 49,-0.4459945666034478,-0.45085677998561224,0.8462921921651523,Length 200
50,Curve 50,-0.3772052883504874,-0.3846442630826993,0.9018334555726569,Length 200
51,Curve 51,-0.4608075965283681,-0.4460145472571276,0.9276471736569577,Length 200
52,Curve 52,-0.45291940323560176,-0.43857623330414386,0.6394284876693637,Length 200
53,Curve 53,-0.2912122629506127,-0.38841806876291457,0.7488837260726754,Length 200
54,Curve 54,-0.40575022046674164,-0.40011309524985583,0.9332338540700532,Length 200
55,Curve 55,-0.39096961296430177,-0.4010961490888826,0.7753177118298806,Length 200
56,Curve 56,-0.5900183961995975,-0.5932154845982278,0.9136083919214608,Length 200
57,Curve 57,-0.3823237431778748,-0.40715073668764235,0.7517643537514114,Length 200
58,Curve 58,-0.32673738686468246,-0.3932656468102687,0.5936960495624206,Length 200
59,Curve 59,-0.3533926204338824,-0.38082019309587095,0.8706334808326911,Length 200
60,Curve 60,-0.4721900903915886,-0.48313047904525425,0.9192327098698538,Length 200
61,Curve 61,-0.47896182694901135,-0.4519672112298599,0.7479431816144474,Length 200
62,Curve 62,-0.564689258677156,-0.5454118774062771,0.8245816860718025,Length 200
63,Curve 63,-0.5581367029954528,-0.5261022184819437,0.8750440959877908,Length 200
64,Curve 64,-0.34535066721150115,-0.3935557543401316,0.9161727377098634,Length 200
65,Curve 65,-0.4331757728823912,-0.4510435793312058,0.7012299149908711,Length 200
66,Curve 66,-0.5463788889734498,-0.5331230949509511,0.9058190922949317,Length 200
67,Curve 67,-0.35459216864553206,-0.3341303696148676,0.9161128506764795,Length 200
68,Curve 68,-0.2036160131539793,-0.2544669842855843,0.7530885832214549,Length 200
69,Curve 69,-0.4555805953140074,-0.488980140779019,0.7921697563782617,Length 200
70,Curve 70,-0.20322365416845953,-0.36366619006030837,0.5292672793466289,Length 200
71,Curve 71,-0.4308376898411643,-0.43052179278567376,0.7771920050865341,Length 200
72,Curve 72,-0.4337494455735986,-0.4743545278354987,0.7181901480973801,Length 200
73,Curve 73,-0.43514627067272976,-0.4124674402121595,0.8963817770320488,Length 200
74,Curve 74,-0.46340194572142235,-0.4588564907084466,0.6990042574148435,Length 200
75,Curve 75,-0.4601520709345238,-0.5009263121367755,0.8755610881324493,Length 200
76,Curve 76,-0.4820557839008608,-0.4661192881367541,0.7091077962492733,Length 200
77,Curve 77,-0.3236856958049603,-0.41252044642220376,0.43895518593886446,Length 200
78,Curve 78,-0.5231359453205534,-0.48757718869780053,0.9291167260973797,Length 200
79,Curve 79,-0.37783293572466076,-0.39640318241239686,0.9257736884568489,Length 200
80,Curve 80,-0.3332518014307495,-0.3562858669150505,0.9571404023377775,Length 200
81,Curve 81,-0.4488838071871465,-0.42273928393515586,0.9133868943584209,Length 200
82,Curve 82,-0.4220085887558112,-0.4663379972987648,0.7135311357025526,Length 200
83,Curve 83,-0.46724918466735654,-0.4634949201841606,0.9015973461900488,Length 200
84,Curve 84,-0.18790441716472497,-0.19117221473359447,0.7796174313766745,Length 200
85,Curve 85,-0.4150478776047931,-0.4343928000309379,0.8084350683252624,Length 200
86,Curve 86,-0.36864022567716886,-0.43197694686180627,0.6558889745661177,Length 200
87,Curve 87,-0.4809187296342581,-0.4825356391303514,0.768788575838369,Length 200
88,Curve 88,-0.4945302956947528,-0.5237025632991886,0.7685439496503765,Length 200
89,Curve 89,-0.3885261515065457,-0.41069615334701826,0.801296967230587,Length 200
90,Curve 90,-0.5569347536748094,-0.5265046921942463,0.7280981633643098,Length 200
91,Curve 91,-0.5022957363531831,-0.46225589980223436,0.9009985779164191,Length 200
92,Curve 92,-0.40635533879405217,-0.46855656178276267,0.7067539039964054,Length 200
93,Curve 93,-0.5461281130734905,-0.516620849553359,0.9119667108738305,Length 200
94,Curve 94,-0.449102408927497,-0.459546574451265,0.9008713760245535,Length 200
95,Curve 95,-0.4555208038002263,-0.4292108394152526,0.9550941546732153,Length 200
96,Curve 96,-0.3784985213583874,-0.3808240012605497,0.9603622502638866,Length 200
97,Curve 97,-0.33329381331091984,-0.34434732666778617,0.9432712152972902,Length 200
98,Curve 98,-0.36977614728907787,-0.37247616356742136,0.9626772383545948,Length 200
99,Curve 99,-0.44402393282853314,-0.4439016075057702,0.9275514162461787,Length 200
100,Curve 100,-0.48894846579739065,-0.44236070535953037,0.8449123133952443,Length 200
101,Curve 101,-0.49913686578706085,-0.4605153416880321,0.9014491741658619,Length 200
102,Curve 102,-0.43747865472229364,-0.4728221691457749,0.934414013937131,Length 200
103,Curve 103,-0.41387618111128943,-0.3933650317433136,0.8814537906870628,Length 200
104,Curve 104,-0.4454964255062657,-0.4322639268578252,0.7138226904245343,Length 200
105,Curve 105,-0.5186908949525737,-0.48478482055515143,0.9420636689607248,Length 200
106,Curve 106,-0.5128721658049585,-0.4569648695068436,0.906069216782536,Length 200
107,Curve 107,-0.4606736540230845,-0.5054294092036966,0.6902364587564017,Length 200
108,Curve 108,-0.4832697520404615,-0.44208799257847464,0.8091062894051843,Length 200
109,Curve 109,-0.4122542826430549,-0.40025030559373787,0.6777850011448907,Length 200
110,Curve 110,-0.4662820522377476,-0.4540765002731207,0.8612822373002782,Length 200
111,Curve 111,-0.42804437403239043,-0.4363894721978292,0.8644469112544884,Length 200
112,Curve 112,-0.4392543712481845,-0.47318590943456335,0.8274632871476355,Length 200
113,Curve 113,-0.5487117170517536,-0.5229791531563971,0.7832235070456363,Length 200
114,Curve 114,-0.3805460541520517,-0.4704741774389739,0.7508081339566417,Length 200
115,Curve 115,-0.4045427054110953,-0.4208736950817469,0.9565570720188449,Length 200
116,Curve 116,-0.37656054465061634,-0.4304086138855827,0.7074163213240185,Length 200
117,Curve 117,-0.55639892362848,-0.5203132184490291,0.8031186691985942,Length 200
118,Curve 118,-0.5061583362947638,-0.4901190163660791,0.7139973864730779,Length 200
119,Curve 119,-0.31619637320301236,-0.4156966323385136,0.5498791346169111,Length 200
120,Curve 120,-0.5311585141013264,-0.5447370069342994,0.8777429760218449,Length 200
121,Curve 121,-0.46407473995567244,-0.48325855261437634,0.8722196602017174,Length 200
122,Curve 122,-0.5274412296420923,-0.5122675949885491,0.9015495582071177,Length 200
123,Curve 123,-0.4685326856831262,-0.44072306981380727,0.9521086185948412,Length 200
124,Curve 124,-0.4391308701855774,-0.4184612903353361,0.9057047252309613,Length 200
125,Curve 125,-0.447320235171579,-0.38984492817400324,0.9389575573804346,Length 200
126,Curve 126,-0.3262320285053405,-0.3630681193428022,0.8618333767112936,Length 200
127,Curve 127,-0.44145344802830266,-0.3956755627389746,0.8649258602824874,Length 200
128,Curve 128,-0.5183223554950854,-0.49269927907968747,0.8178567808649888,Length 200
129,Curve 129,-0.35423666415164834,-0.36369652660371565,0.7530274873192466,Length 200
130,Curve 130,-0.4629272205059176,-0.45695187980436924,0.9600788537344881,Length 200
131,Curve 131,-0.479323581618389,-0.5066973476282899,0.781416226923894,Length 200
132,Curve 132,-0.41326499224201824,-0.4747603084108328,0.8559316228949423,Length 200
133,Curve 133,-0.4649607287240971,-0.47330515796252015,0.9373667959218269,Length 200
134,Curve 134,-0.4053333272556934,-0.36281054590730566,0.8510536997754153,Length 200
135,Curve 135,-0.4110141842298976,-0.41455770264049535,0.8153013064006344,Length 200
136,Curve 136,-0.4523091799059869,-0.4789882318910067,0.980219072228115,Length 200
137,Curve 137,-0.4406352862918391,-0.4226186743725828,0.9495562392598196,Length 200
138,Curve 138,-0.38728790470547286,-0.3775866122479843,0.8733615999976462,Length 200
139,Curve 139,-0.42441272410209785,-0.4123407683263651,0.8294459901693669,Length 200
140,Curve 140,-0.426926365008935,-0.429581807885665,0.8334139827213016,Length 200
141,Curve 141,-0.4593048332677323,-0.47082094694486776,0.8444411509442131,Length 200
142,Curve 142,-0.44389054719318854,-0.4428389240361002,0.946987374910037,Length 200
143,Curve 143,-0.44703287960560223,-0.4272761916804661,0.9742761482112174,Length 200
144,Curve 144,-0.41705080256359967,-0.443960466745524,0.8320440170660062,Length 200
145,Curve 145,-0.3007394006098325,-0.4100199910113528,0.6214123131154667,Length 200
146,Curve 146,-0.4617156935145772,-0.4218980133965096,0.7335024330267578,Length 200
147,Curve 147,-0.4945767487271165,-0.4750482065966105,0.8522011114848231,Length 200
148,Curve 148,-0.41510219107789204,-0.31191164095103197,0.6840044874375821,Length 200
149,Curve 149,-0.46954496238444154,-0.43154271556269624,0.8825591011759027,Length 200
150,Curve 150,-0.26729084419962384,-0.3763586988218424,0.7595452065827418,Length 200
151,Curve 151,-0.38585952650258715,-0.38341144227705337,0.9110802168106064,Length 200
152,Curve 152,-0.3596980703772062,-0.41911639725839367,0.6545188829316726,Length 200
153,Curve 153,-0.5272794247236591,-0.44801476118106986,0.6629262488060662,Length 200
154,Curve 154,-0.5564396314331559,-0.5197800173051154,0.8333096088723199,Length 200
155,Curve 155,-0.4591793695630509,-0.4440461303829272,0.7627372403300574,Length 200
156,Curve 156,-0.4650860193286358,-0.4682047927437252,0.9004611074710995,Length 200
157,Curve 157,-0.4786464934912075,-0.4734858572390826,0.9066657374596425,Length 200
158,Curve 158,-0.4957292957239843,-0.5096617218564671,0.7471534953481884,Length 200
159,Curve 159,-0.4298294730290089,-0.5265630356807747,0.6663957094042562,Length 200
160,Curve 160,-0.4330456655220413,-0.3559311102956361,0.7736519748364208,Length 200
161,Curve 161,-0.3539374916390164,-0.34454700310159425,0.9245560933656363,Length 200
162,Curve 162,-0.4911507827881772,-0.4951384344333429,0.891650696411642,Length 200
163,Curve 163,-0.45884946677052135,-0.4493489426237784,0.867923254459999,Length 200
164,Curve 164,-0.46728179474503484,-0.4770504469756908,0.8936154602683589,Length 200
165,Curve 165,-0.41017855861942126,-0.4094714703041842,0.9145137956566943,Length 200
166,Curve 166,-0.5753037341345069,-0.5036785233486284,0.8154532066533778,Length 200
167,Curve 167,-0.42948318983554085,-0.395598085211659,0.9348351749342885,Length 200
168,Curve 168,-0.5072231859751233,-0.41916639039036174,0.6989624482168405,Length 200
169,Curve 169,-0.5482172484690375,-0.5176376150120994,0.8053452180404655,Length 200
170,Curve 170,-0.4811516553683137,-0.5047439015630449,0.9277075915211642,Length 200
171,Curve 171,-0.45586760105672985,-0.5158444812713325,0.9133974346046503,Length 200
172,Curve 172,-0.33930528182636027,-0.3413845098239755,0.9603490832660287,Length 200
173,Curve 173,-0.49961373594103886,-0.47909337472861635,0.8312738832927936,Length 200
174,Curve 174,-0.42467937643736836,-0.4317520634707566,0.9574705272523596,Length 200
175,Curve 175,-0.4900444304095341,-0.46051502903859626,0.9296226516115127,Length 200
176,Curve 176,-0.34874901352553844,-0.4006575550190143,0.7309276633290757,Length 200
177,Curve 177,-0.5289711174917323,-0.47973797803831203,0.8397225682917505,Length 200
178,Curve 178,-0.4841691948669834,-0.5012170228646816,0.8676378562005792,Length 200
179,Curve 179,-0.4384904029126305,-0.4098374325276887,0.939549358720261,Length 200
180,Curve 180,-0.3273026813390371,-0.3190906193368491,0.622919793759943,Length 200
181,Curve 181,-0.5021743002077794,-0.4541945053385712,0.9274501083522005,Length 200
182,Curve 182,-0.4765372408301763,-0.4519245591242344,0.8105663957440573,Length 200
183,Curve 183,-0.5143730801415295,-0.5033097266424612,0.8267761311110495,Length 200
184,Curve 184,-0.47487594554068624,-0.5058493295307136,0.8726183434695679,Length 200
185,Curve 185,-0.4265893446855078,-0.4169432525286444,0.7553617431865165,Length 200
186,Curve 186,-0.5196193994640186,-0.5101125708739702,0.8706708419094128,Length 200
187,Curve 187,-0.2594428427500088,-0.36379816932859815,0.8650355365351811,Length 200
188,Curve 188,-0.3757069063166314,-0.36338528298766143,0.9199937964454517,Length 200
189,Curve 189,-0.33875531346928345,-0.41191942213053095,0.7452065579024377,Length 200
190,Curve 190,-0.5706840597953549,-0.5968721525699826,0.7936934655007,Length 200
191,Curve 191,-0.5518955035051453,-0.5078400393020822,0.864252264051841,Length 200
192,Curve 192,-0.4348225754686894,-0.4219584733531523,0.9452257649184014,Length 200
193,Curve 193,-0.48453648348527684,-0.4713507980039359,0.8832946983010372,Length 200
194,Curve 194,-0.4186848772842917,-0.4375206478875023,0.9112566965085083,Length 200
195,Curve 195,-0.5316467762641062,-0.4925207918953027,0.7821158156408085,Length 200
196,Curve 196,-0.5626401298978514,-0.5297651571290419,0.9361997754626412,Length 200
197,Curve 197,-0.2482760921180923,-0.39443946377344047,0.6648884335371513,Length 200
198,Curve 198,-0.47427413102936633,-0.4505330481962164,0.8888302175883194,Length 200
199,Curve 199,-0.42985260293473854,-0.5165627030659845,0.7937868919814364,Length 200
0,Curve 0,-0.3159044611120808,-0.3056347881706339,0.9577118705324924,Length 300
1,Curve 1,-0.4667764962745351,-0.5041095604250648,0.8991840522637047,Length 300
2,Curve 2,-0.4593540228595222,-0.4423740718434461,0.7715125227978585,Length 300
3,Curve 3,-0.5029415992473886,-0.5061472258603964,0.7936248424703163,Length 300
4,Curve 4,-0.4362861622477391,-0.43225523930052134,0.9036031138701273,Length 300
5,Curve 5,-0.5391853781316096,-0.5321877880975912,0.8860718429416343,Length 300
6,Curve 6,-0.3725340079564046,-0.33757880366682663,0.860841678186592,Length 300
7,Curve 7,-0.2992320652392251,-0.28264001888199064,0.8680687814387754,Length 300
8,Curve 8,-0.39272574354221446,-0.41917316559297396,0.6072902100514758,Length 300
9,Curve 9,-0.47212521601540147,-0.47017675582596397,0.889337350157114,Length 300
10,Curve 10,-0.40715579332292773,-0.41869742028058476,0.9582844648175806,Length 300
11,Curve 11,-0.4832711160398409,-0.4575255705252049,0.7699872434902352,Length 300
12,Curve 12,-0.3201873986632609,-0.3531406225286183,0.4675661669628273,Length 300
13,Curve 13,-0.4472678359099427,-0.5013408180284147,0.6174668809393425,Length 300
14,Curve 14,-0.42681598394983394,-0.3978273113193184,0.9542411056983245,Length 300
15,Curve 15,-0.40442774702217615,-0.43547404153883273,0.709736575782725,Length 300
16,Curve 16,-0.5459747977817554,-0.5234616504526421,0.8742281489961977,Length 300
17,Curve 17,-0.36602588341419245,-0.3931234704727823,0.7480221872206733,Length 300
18,Curve 18,-0.5607116464501337,-0.5398727141231598,0.8840939836145101,Length 300
19,Curve 19,-0.5728383185279556,-0.6314452748031415,0.8993210987255029,Length 300
20,Curve 20,-0.3698224025793602,-0.3828169828398927,0.9553269658742348,Length 300
21,Curve 21,-0.38986552592376195,-0.3946450251949767,0.9474837803382639,Length 300
22,Curve 22,-0.5004063523204136,-0.5424605166905666,0.9163746926152581,Length 300
23,Curve 23,-0.4396869208860164,-0.4225670888691691,0.9567916964245318,Length 300
24,Curve 24,-0.36408807299635476,-0.3533459375711794,0.49237419959374285,Length 300
25,Curve 25,-0.4762846481940512,-0.4586141515698544,0.7376544003291815,Length 300
26,Curve 26,-0.3456685458848025,-0.42641583586440734,0.6442768479424966,Length 300
27,Curve 27,-0.4622525261539888,-0.4704309326983876,0.9567905328200454,Length 300
28,Curve 28,-0.24081429138443738,-0.3836981556144387,0.7707758180760311,Length 300
29,Curve 29,-0.42092594165957553,-0.4223390076578567,0.6666751931674986,Length 300
30,Curve 30,-0.4488057226775797,-0.48257259678425063,0.8552696273577958,Length 300
31,Curve 31,-0.42826718018343823,-0.42932509911338373,0.8097864153997357,Length 300
32,Curve 32,-0.41692685817277686,-0.44527984875155535,0.9446679410644448,Length 300
33,Curve 33,-0.3694699997890383,-0.36967055078177985,0.7776408562418785,Length 300
34,Curve 34,-0.44901155351930794,-0.424657861802613,0.6960014488695796,Length 300
35,Curve 35,-0.41163617388680207,-0.3931926256715336,0.9199535121697937,Length 300
36,Curve 36,-0.3823785667716742,-0.3898935474300689,0.853664157875968,Length 300
37,Curve 37,-0.4361104573638082,-0.469450510538265,0.8752629694382623,Length 300
38,Curve 38,-0.4485451595981928,-0.44569099541548923,0.9203566628613224,Length 300
39,Curve 39,-0.4869214350117036,-0.45293660297837657,0.7869094258006137,Length 300
40,Curve 40,-0.42924526240120797,-0.4077212803849917,0.8152301953267167,Length 300
41,Curve 41,-0.3558529941419685,-0.3297330039028488,0.9248821254891729,Length 300
42,Curve 42,-0.4100221543350624,-0.3786095859549926,0.9301323961901067,Length 300
43,Curve 43,-0.460075675398479,-0.4626639113793902,0.9481085655537799,Length 300
44,Curve 44,-0.4012793056042487,-0.4861144629683509,0.7898444076250438,Length 300
45,Curve 45,-0.5810624672260748,-0.530734611776305,0.8959712064975142,Length 300
46,Curve 46,-0.4220091531521418,-0.40165130889932044,0.9298633229227503,Length 300
47,Curve 47,-0.41180241988675065,-0.39157628540920913,0.9456792644986995,Length 300
48,Curve 48,-0.3881796915631925,-0.4087310750182939,0.9512372048628284,Length 300
49,Curve 49,-0.4888602698096441,-0.4849691682566546,0.9563257038385397,Length 300
50,Curve 50,-0.3992697820805402,-0.38698131897698596,0.9319812592366582,Length 300
51,Curve 51,-0.49633649399155805,-0.5452660070834326,0.8233839858012505,Length 300
52,Curve 52,-0.46508511969586774,-0.4840735866330106,0.956418778675987,Length 300
53,Curve 53,-0.4047672085030165,-0.3729051716469246,0.9362945354576049,Length 300
54,Curve 54,-0.4167970163643557,-0.46200660761135953,0.921393112766794,Length 300
55,Curve 55,-0.4432079603511916,-0.47977151768573234,0.896676404868374,Length 300
56,Curve 56,-0.27135294298914814,-0.2931542568936685,0.8226563520120295,Length 300
57,Curve 57,-0.48258197556756477,-0.4491195730855649,0.879060953358827,Length 300
58,Curve 58,-0.5193891745846662,-0.5122885676043875,0.8868212825771468,Length 300
59,Curve 59,-0.3909710327630911,-0.4645103334037696,0.7161525981082811,Length 300
60,Curve 60,-0.449027672606996,-0.448278268901811,0.9242583184812514,Length 300
61,Curve 61,-0.5371819063646649,-0.5372592976569148,0.9301537271887987,Length 300
62,Curve 62,-0.6354981429527855,-0.6607633806038072,0.9256343425042922,Length 300
63,Curve 63,-0.4295777461200577,-0.40757010892746515,0.6483697730052985,Length 300
64,Curve 64,-0.35141829812473707,-0.39917171235632803,0.5802990795075242,Length 300
65,Curve 65,-0.3407330856242193,-0.3829119958560778,0.9149247620490415,Length 300
66,Curve 66,-0.4394275040595926,-0.48872698235409473,0.7213154262973818,Length 300
67,Curve 67,-0.4353507939347286,-0.5101868915204067,0.761612587103909,Length 300
68,Curve 68,-0.3949928348779379,-0.40372834631512705,0.8081741082153958,Length 300
69,Curve 69,-0.4535565888609594,-0.5282878340199575,0.7069811140813308,Length 300
70,Curve 70,-0.4397263788149731,-0.4396730179597497,0.8054047326721152,Length 300
71,Curve 71,-0.40721876470032903,-0.4280753077319521,0.9683136478890253,Length 300
72,Curve 72,-0.38625796000244944,-0.37041496374106436,0.9645896916963678,Length 300
73,Curve 73,-0.4696110631913408,-0.49837598467604854,0.94188430521547,Length 300
74,Curve 74,-0.4062880848904896,-0.4948767968382754,0.7060776983081266,Length 300
75,Curve 75,-0.43022511739669284,-0.42426581806802854,0.9005344063861396,Length 300
76,Curve 76,-0.3891561721924442,-0.37711865949254425,0.9163658442357925,Length 300
77,Curve 77,-0.48464756077957044,-0.49934127107097565,0.8580800074483418,Length 300
78,Curve 78,-0.36091687133265027,-0.362480398077585,0.9119232037708421,Length 300
79,Curve 79,-0.34812461762684893,-0.3356905858020466,0.9333240444387114,Length 300
80,Curve 80,-0.3526690261755798,-0.34619443570922875,0.9507597529303496,Length 300
81,Curve 81,-0.39358028458547906,-0.4379649416220674,0.6559610840056723,Length 300
82,Curve 82,-0.3649960575565511,-0.5575446547872325,0.6463818756588121,Length 300
83,Curve 83,-0.4572068894644066,-0.4720166679481209,0.8592206086893653,Length 300
84,Curve 84,-0.48563573754245093,-0.4593713545597458,0.8544267611112797,Length 300
85,Curve 85,-0.42593014676360114,-0.4192996000698903,0.9268631330408439,Length 300
86,Curve 86,-0.3641535322359316,-0.41035634224735235,0.8256846538252589,Length 300
87,Curve 87,-0.36557352962123907,-0.3884707618179256,0.9471189937057053,Length 300
88,Curve 88,-0.47192822937781137,-0.5370990694342711,0.764020688387205,Length 300
89,Curve 89,-0.42614693244277435,-0.4646781440879317,0.770822781339602,Length 300
90,Curve 90,-0.3516497733993593,-0.3540397058055827,0.9376350404547439,Length 300
91,Curve 91,-0.38722012394994776,-0.44570654574678903,0.7221731120161163,Length 300
92,Curve 92,-0.4321433019571013,-0.459735731818213,0.959600457712651,Length 300
93,Curve 93,-0.42760796138057905,-0.43718114718234563,0.9061619559891569,Length 300
94,Curve 94,-0.44378455023142727,-0.3720044278753165,0.880853181008881,Length 300
95,Curve 95,-0.30026465299094746,-0.31243439253939287,0.9746037628015829,Length 300
96,Curve 96,-0.2284333203979735,-0.28046050063120365,0.8650040287410664,Length 300
97,Curve 97,-0.31123083523163564,-0.45919188109293935,0.4854129137255962,Length 300
98,Curve 98,-0.31546092867723935,-0.40459211974653697,0.8566799865390439,Length 300
99,Curve 99,-0.42348204173241133,-0.4280825799061521,0.9201172312476534,Length 300
100,Curve 100,-0.43531414207070657,-0.4469347181185204,0.7842972003393254,Length 300
101,Curve 101,-0.4529202440273067,-0.47784224987334567,0.8306205288446228,Length 300
102,Curve 102,-0.46136585178562856,-0.4576729592889471,0.6704641237073339,Length 300
103,Curve 103,-0.2640577365709837,-0.5222001149620294,0.5097318975028691,Length 300
104,Curve 104,-0.3766482781340243,-0.41671312831959106,0.8463640347918157,Length 300
105,Curve 105,-0.450068074445352,-0.48295597276403285,0.6494939244335589,Length 300
106,Curve 106,-0.4158080481917973,-0.4354499567830048,0.9180872710354961,Length 300
107,Curve 107,-0.397635520124888,-0.39112471933593135,0.8769993867806474,Length 300
108,Curve 108,-0.44654991782909964,-0.4888990733463592,0.5494635069143056,Length 300
109,Curve 109,-0.39247559572028173,-0.3694595423405297,0.9000058995326852,Length 300
110,Curve 110,-0.37341484949956255,-0.4010904261758509,0.8530606453467113,Length 300
111,Curve 111,-0.4940940060524347,-0.47708180509010745,0.8679751989855402,Length 300
112,Curve 112,-0.4835979386063407,-0.46948146657358963,0.8548720536668641,Length 300
113,Curve 113,-0.5003756455739687,-0.5090365669932131,0.8031868866841525,Length 300
114,Curve 114,-0.4183923264281186,-0.4197396730843667,0.9438744890393792,Length 300
115,Curve 115,-0.4697028960592926,-0.4765384652146745,0.9488651742331979,Length 300
116,Curve 116,-0.5555668639757784,-0.5457592567016814,0.799475083660048,Length 300
117,Curve 117,-0.5859335788675324,-0.6043958883329325,0.868870504211341,Length 300
118,Curve 118,-0.23108635984137335,-0.3691015979628541,0.7024862954938537,Length 300
119,Curve 119,-0.49944205419885007,-0.5159145503109148,0.9334597545618066,Length 300
120,Curve 120,-0.2692437613018553,-0.37708124044619595,0.6263574370783804,Length 300
121,Curve 121,-0.3892324022908398,-0.39448128753829187,0.9409217553862955,Length 300
122,Curve 122,-0.3698006000771195,-0.4408201242647296,0.6515705868138656,Length 300
123,Curve 123,-0.5112027351111043,-0.4924668491220173,0.9453385631122629,Length 300
124,Curve 124,-0.43565975511706995,-0.43278771261553634,0.9318965083243865,Length 300
125,Curve 125,-0.4524365059798559,-0.44832982052332176,0.9624059985619425,Length 300
126,Curve 126,-0.4968200337318013,-0.5159295456366507,0.8860140330560943,Length 300
127,Curve 127,-0.46804044449113297,-0.45596478797857964,0.928043722120358,Length 300
128,Curve 128,-0.49100094523988513,-0.44974005206794176,0.6890043421652039,Length 300
129,Curve 129,-0.37935995227334024,-0.4346971420415742,0.7585250524294007,Length 300
130,Curve 130,-0.4867439524397185,-0.4643326819918514,0.8429877295481433,Length 300
131,Curve 131,-0.40979603497795253,-0.45210279508578777,0.7373394004776468,Length 300
132,Curve 132,-0.4532314588577465,-0.4713521037073864,0.8649851245411654,Length 300
133,Curve 133,-0.3036595893249876,-0.38169118187039386,0.8353323895754992,Length 300
134,Curve 134,-0.3324367916133086,-0.3908319544960751,0.7326157494456202,Length 300
135,Curve 135,-0.3551805764090911,-0.3554640827122853,0.9819371804267977,Length 300
136,Curve 136,-0.48624191176927867,-0.49094891880025854,0.7957125341405933,Length 300
137,Curve 137,-0.48167908051970176,-0.46663360786990954,0.7363194106058543,Length 300
138,Curve 138,-0.5568775194871776,-0.5462126058666312,0.8758654331628257,Length 300
139,Curve 139,-0.5105264574340881,-0.4201921982235075,0.8837432947758886,Length 300
140,Curve 140,-0.3074717839094585,-0.5123678847745095,0.74523608924194,Length 300
141,Curve 141,-0.4621653054451574,-0.3881285886241485,0.80291663228245,Length 300
142,Curve 142,-0.3872635670385057,-0.4220723194645114,0.6981662122682856,Length 300
143,Curve 143,-0.387532097106624,-0.4055323811136697,0.6376549160296163,Length 300
144,Curve 144,-0.4559563110233503,-0.47532105936832814,0.8792163126498482,Length 300
145,Curve 145,-0.32959459409294495,-0.4181753565600359,0.8148797692447977,Length 300
146,Curve 146,-0.4599199753327433,-0.44670970729602655,0.8912313236411387,Length 300
147,Curve 147,-0.3075688288728624,-0.43024032609022095,0.5196655555040495,Length 300
148,Curve 148,-0.24320039503113236,-0.22554039979513582,0.7669393508285838,Length 300
149,Curve 149,-0.47088591997581297,-0.4142294408017709,0.8454085776646163,Length 300
150,Curve 150,-0.4553037546944338,-0.42909828183608223,0.9347310451380968,Length 300
151,Curve 151,-0.4807718825932613,-0.457574180897487,0.7414668595537622,Length 300
152,Curve 152,-0.49160808762181524,-0.4967674183130184,0.9044725708454643,Length 300
153,Curve 153,-0.36624405859372317,-0.3708174062671147,0.9658983881208292,Length 300
154,Curve 154,-0.4507773271199733,-0.42922646246446716,0.8497279997318699,Length 300
155,Curve 155,-0.4147989573915493,-0.44974149155854104,0.7582800519060376,Length 300
156,Curve 156,-0.3945459627668901,-0.40114368375038967,0.9164082930928461,Length 300
157,Curve 157,-0.4114825575100736,-0.4194364853050757,0.8740793272954944,Length 300
158,Curve 158,-0.32803057285875525,-0.4011813549617154,0.5896871126288343,Length 300
159,Curve 159,-0.3553623856398363,-0.3795454119731765,0.9700725524401952,Length 300
160,Curve 160,-0.4435940672200647,-0.40591700617886334,0.9151485619550691,Length 300
161,Curve 161,-0.3688601144382616,-0.45944099179853154,0.6291080996832071,Length 300
162,Curve 162,-0.46209367202873325,-0.43601766180972307,0.9578234128997541,Length 300
163,Curve 163,-0.5247211393999365,-0.5167050218927359,0.9231447823297574,Length 300
164,Curve 164,-0.4033857851656365,-0.3676802000038067,0.7710373982673447,Length 300
165,Curve 165,-0.47457710148698606,-0.44939998687672605,0.7935810376051161,Length 300
166,Curve 166,-0.4477091124335161,-0.43179639091563027,0.8157677128858014,Length 300
167,Curve 167,-0.33270112092551934,-0.3713330620824603,0.7180570347650451,Length 300
168,Curve 168,-0.40978268213916713,-0.4103128945570969,0.5839118898539957,Length 300
169,Curve 169,-0.3304615382634531,-0.33098985417331495,0.9265100404558527,Length 300
170,Curve 170,-0.40338310735263483,-0.45199197010763437,0.746985311475958,Length 300
171,Curve 171,-0.331520610908115,-0.35914515662356616,0.6479687323280386,Length 300
172,Curve 172,-0.35862355769217946,-0.3382672665979863,0.7820819523524554,Length 300
173,Curve 173,-0.5301927469564597,-0.542687222409305,0.8533851340987646,Length 300
174,Curve 174,-0.41255023034995936,-0.4678088164463769,0.9141037456088758,Length 300
175,Curve 175,-0.5150386202886766,-0.49246445385745347,0.8913845927127322,Length 300
176,Curve 176,-0.5868429804495122,-0.5573860856069766,0.779826326707887,Length 300
177,Curve 177,-0.48015356757951655,-0.45119718943835707,0.9237349167872985,Length 300
178,Curve 178,-0.3958549898150759,-0.4292721695522056,0.9295208701200265,Length 300
179,Curve 179,-0.49224480608207555,-0.4581637305045427,0.5783316049086648,Length 300
180,Curve 180,-0.3905045367762758,-0.3967231038621746,0.9306838190034721,Length 300
181,Curve 181,-0.5071444134429693,-0.4738929392996149,0.6694293350959785,Length 300
182,Curve 182,-0.5849101280608335,-0.5029377208656486,0.8676137059938215,Length 300
183,Curve 183,-0.4635794103860755,-0.43877862204216556,0.8523689781529714,Length 300
184,Curve 184,-0.4378011714322175,-0.4738297262238899,0.9211244734733415,Length 300
185,Curve 185,-0.42149040175138447,-0.4243952895297064,0.7129511692773373,Length 300
186,Curve 186,-0.4996538986126521,-0.46446370785049207,0.7922164945272624,Length 300
187,Curve 187,-0.4250967340503506,-0.3939650394948826,0.7822974666648831,Length 300
188,Curve 188,-0.458247733960352,-0.48899803688395127,0.9050542155832048,Length 300
189,Curve 189,-0.4182968681399592,-0.43129345874779107,0.9295005552680882,Length 300
190,Curve 190,-0.27978400672749987,-0.41864922159459095,0.4453352020890769,Length 300
191,Curve 191,-0.289073371965729,-0.28238101503978164,0.8872683805379963,Length 300
192,Curve 192,-0.3639910090885726,-0.37005039658474814,0.9214621804784305,Length 300
193,Curve 193,-0.5322661333756702,-0.49175060674352383,0.8409218546717665,Length 300
194,Curve 194,-0.34726250948134335,-0.38830110976784876,0.5933145262298909,Length 300
195,Curve 195,-0.413639387408431,-0.4359142291507249,0.9000986236332319,Length 300
196,Curve 196,-0.5303210258531418,-0.48479801110386267,0.8354545251331904,Length 300
197,Curve 197,-0.35335388127763595,-0.4098505448798424,0.8032986407661896,Length 300
198,Curve 198,-0.49940735619775234,-0.4886168933299689,0.9065960448603306,Length 300
199,Curve 199,-0.3724563300904611,-0.3745578453718624,0.9601865173533148,Length 300
0,Curve 0,-0.39194115585671135,-0.40218806372471655,0.9279772546443451,Length 400
1,Curve 1,-0.41871942631758824,-0.43489580117225074,0.8925832160693505,Length 400
2,Curve 2,-0.3377816260318837,-0.4050136799412921,0.7355666502676181,Length 400
3,Curve 3,-0.4642786961569761,-0.4340698961895684,0.9016517044559892,Length 400
4,Curve 4,-0.5778228657626066,-0.5405463233800609,0.7360190613091963,Length 400
5,Curve 5,-0.4427828779318677,-0.46194586416840555,0.7519377405299348,Length 400
6,Curve 6,-0.5107450495491365,-0.5289315943121592,0.928047344676669,Length 400
7,Curve 7,-0.2549555435408841,-0.3943079465540387,0.5369717311377252,Length 400
8,Curve 8,-0.5262834733530781,-0.48755596021435604,0.8176957806337763,Length 400
9,Curve 9,-0.4081101562522304,-0.4767523856973394,0.729794145736021,Length 400
10,Curve 10,-0.3684752051108882,-0.40453057720372043,0.7695458681960227,Length 400
11,Curve 11,-0.43430348077779385,-0.40593894963903304,0.912024298106759,Length 400
12,Curve 12,-0.3705594815991009,-0.4565558207322657,0.5922634011443907,Length 400
13,Curve 13,-0.4436423840845454,-0.4518465741171617,0.9405467173643223,Length 400
14,Curve 14,-0.34366823092538124,-0.3891763594709813,0.7497547211153742,Length 400
15,Curve 15,-0.3998274797462183,-0.47114302194957747,0.703173664362637,Length 400
16,Curve 16,-0.3201824579361213,-0.3360138125664503,0.7451256214563239,Length 400
17,Curve 17,-0.4582908500848237,-0.4982824077617291,0.9089506321610001,Length 400
18,Curve 18,-0.5144316981515153,-0.503304521413955,0.7857657391262677,Length 400
19,Curve 19,-0.49034037599930747,-0.43860327580748953,0.8346545861364942,Length 400
20,Curve 20,-0.43758922209622847,-0.4516279030339284,0.9557635682398848,Length 400
21,Curve 21,-0.4738042977350247,-0.486705170540211,0.9493743099051648,Length 400
22,Curve 22,-0.4889670866030821,-0.4570969298600491,0.7757107622777025,Length 400
23,Curve 23,-0.5201751477181971,-0.515504191469665,0.8425950826174173,Length 400
24,Curve 24,-0.4263669789840417,-0.5141907874163563,0.7616528192661339,Length 400
25,Curve 25,-0.36639475328708637,-0.3688783763970952,0.6591477465460572,Length 400
26,Curve 26,-0.48746331916143437,-0.5087260590113426,0.7847734462744721,Length 400
27,Curve 27,-0.43915121885472225,-0.42884850811275665,0.6232789375091333,Length 400
28,Curve 28,-0.3569515745332327,-0.3611264392684814,0.9676861987313565,Length 400
29,Curve 29,-0.43189693828886216,-0.42511719317644836,0.94532928044274,Length 400
30,Curve 30,-0.5056092673897337,-0.4926771140239369,0.9119795738828861,Length 400
31,Curve 31,-0.3434397101745275,-0.3887660172791541,0.6714068634475979,Length 400
32,Curve 32,-0.33346610254494513,-0.3663360489509919,0.7550435044117049,Length 400
33,Curve 33,-0.45800381561874476,-0.5286957335447472,0.6839291372854609,Length 400
34,Curve 34,-0.4595447125815241,-0.4125227619476835,0.8604072843746937,Length 400
35,Curve 35,-0.49252935556596655,-0.48778313643538473,0.9023485479137637,Length 400
36,Curve 36,-0.4512950308672933,-0.3986505279710138,0.8388950584718373,Length 400
37,Curve 37,-0.42471464514080964,-0.43317813939250666,0.9541684653553608,Length 400
38,Curve 38,-0.5291050754195845,-0.48927037487548325,0.6557704648656257,Length 400
39,Curve 39,-0.32705956397030705,-0.43881382962161697,0.7921192836586473,Length 400
40,Curve 40,-0.426608838384372,-0.4806887235291422,0.7470836745943059,Length 400
41,Curve 41,-0.36045431854593113,-0.41189892279721707,0.8122701067826257,Length 400
42,Curve 42,-0.34223672053965865,-0.34462853544947153,0.8603070683822603,Length 400
43,Curve 43,-0.2892056844292047,-0.42651652035705523,0.401398971187477,Length 400
44,Curve 44,-0.45454058574313244,-0.42270797202459226,0.899575740785903,Length 400
45,Curve 45,-0.5227761367506476,-0.5055993407099987,0.8143332978101621,Length 400
46,Curve 46,-0.4357824582758191,-0.44018821879191294,0.8103668602654857,Length 400
47,Curve 47,-0.5108831161635603,-0.48937357980007706,0.9100016643818962,Length 400
48,Curve 48,-0.42686076562085296,-0.3784597050829906,0.7180901280040342,Length 400
49,Curve 49,-0.31132809050730537,-0.34946096794875564,0.5889425906522177,Length 400
50,Curve 50,-0.46059789818628744,-0.4764062576195962,0.9117954209124561,Length 400
51,Curve 51,-0.4136994721363494,-0.40608516899023545,0.6638606428998809,Length 400
52,Curve 52,-0.4787508442272399,-0.48571693878912275,0.8130283622171913,Length 400
53,Curve 53,-0.31339459476557274,-0.3257210111447808,0.6439638283965542,Length 400
54,Curve 54,-0.5232974921923838,-0.4940351195863728,0.869169067661861,Length 400
55,Curve 55,-0.4399529752016376,-0.48510844252830587,0.7868004340191541,Length 400
56,Curve 56,-0.3978139311481477,-0.38654165400066853,0.9595916322475566,Length 400
57,Curve 57,-0.3888398839850102,-0.4131788047881045,0.740910325980146,Length 400
58,Curve 58,-0.4731256354211053,-0.44045824161535985,0.7155491176065766,Length 400
59,Curve 59,-0.41598434054122513,-0.4262583952892452,0.9113254756424475,Length 400
60,Curve 60,-0.36463827346404554,-0.4609679661902695,0.8562876016178714,Length 400
61,Curve 61,-0.36783260985042904,-0.3841447029749305,0.9146370141166863,Length 400
62,Curve 62,-0.3086909331400427,-0.35806493928662364,0.8183582349247167,Length 400
63,Curve 63,-0.3780673739750911,-0.3810313349866597,0.8654579801446578,Length 400
64,Curve 64,-0.3857803226043303,-0.31535386991820064,0.7268558554355233,Length 400
65,Curve 65,-0.47443538788457573,-0.5309752754262319,0.7078679511022244,Length 400
66,Curve 66,-0.4785200911855014,-0.4357038554187637,0.7980070974551248,Length 400
67,Curve 67,-0.5117991410861087,-0.4703395665276185,0.7046827492555177,Length 400
68,Curve 68,-0.4453583173937523,-0.4457137748035312,0.8684076215960967,Length 400
69,Curve 69,-0.44871008364689613,-0.46675836557769673,0.914505379812672,Length 400
70,Curve 70,-0.46381541009505295,-0.48710340514170436,0.6947202905021816,Length 400
71,Curve 71,-0.5305665194253782,-0.46476924623924654,0.7167311753815276,Length 400
72,Curve 72,-0.3454158793083721,-0.4029401131040355,0.7229863464658399,Length 400
73,Curve 73,-0.4198493682374553,-0.4617573097724268,0.690494686728926,Length 400
74,Curve 74,-0.39284696908310424,-0.4386956503783264,0.8168384502444734,Length 400
75,Curve 75,-0.42663562458662124,-0.4599122501577261,0.8032629740873348,Length 400
76,Curve 76,-0.3307083773803877,-0.36552485156761566,0.9543717443131089,Length 400
77,Curve 77,-0.491636196595,-0.4243741013703819,0.8144986524532811,Length 400
78,Curve 78,-0.48121248939927747,-0.48450707171142926,0.955963535292876,Length 400
79,Curve 79,-0.5574733782480965,-0.5482901836185704,0.9455745266101381,Length 400
80,Curve 80,-0.43373822886210645,-0.39241272499540963,0.8797080896551505,Length 400
81,Curve 81,-0.4409457647081988,-0.4206239275409939,0.9015801370733962,Length 400
82,Curve 82,-0.3922783297141701,-0.4009680376564382,0.8330481489466891,Length 400
83,Curve 83,-0.4202328411643047,-0.43084535425556636,0.7650246822936919,Length 400
84,Curve 84,-0.48468191752162104,-0.5135334106535205,0.858467233231235,Length 400
85,Curve 85,-0.47863772811132654,-0.4518021478294787,0.9017564341857746,Length 400
86,Curve 86,-0.3938991042239507,-0.4479696179050468,0.6930275519872334,Length 400
87,Curve 87,-0.44110858726326885,-0.4441436968108861,0.938964787279209,Length 400
88,Curve 88,-0.46736842047873906,-0.4952641948531479,0.8332948934670176,Length 400
89,Curve 89,-0.4510747881450004,-0.4683926137447126,0.9070545351913339,Length 400
90,Curve 90,-0.15942767620602039,-0.3199816742580743,0.6505445079513693,Length 400
91,Curve 91,-0.5322060306045758,-0.5137103582022101,0.717703312342215,Length 400
92,Curve 92,-0.48600750975709306,-0.4118119483297382,0.655608889079031,Length 400
93,Curve 93,-0.41956636381760626,-0.429471497103918,0.9525507017604663,Length 400
94,Curve 94,-0.3785394740848888,-0.4127866803399191,0.9410859771948262,Length 400
95,Curve 95,-0.49443591998596187,-0.4663061784998877,0.8105566140182555,Length 400
96,Curve 96,-0.37634956422759824,-0.3671258200729455,0.951768836077214,Length 400
97,Curve 97,-0.39628985540119616,-0.4076711443489802,0.6556870099202616,Length 400
98,Curve 98,-0.3819595769737668,-0.3606475883631697,0.9689819059254878,Length 400
99,Curve 99,-0.41883393044600986,-0.41307902877448144,0.8536196410700554,Length 400
100,Curve 100,-0.3960634133832339,-0.43562376605542413,0.7766587996812977,Length 400
101,Curve 101,-0.5431150135738497,-0.5527434822671057,0.8327090295461709,Length 400
102,Curve 102,-0.4412208648478084,-0.3902862018866188,0.8260848831198031,Length 400
103,Curve 103,-0.35913457230088996,-0.3979571327707768,0.6250649908117794,Length 400
104,Curve 104,-0.31379355163918615,-0.4511406926163667,0.5934228043280746,Length 400
105,Curve 105,-0.5049419862661336,-0.4814050927162997,0.8247659881655169,Length 400
106,Curve 106,-0.41258764998254477,-0.4454449153270747,0.6930785918793725,Length 400
107,Curve 107,-0.36460672359458773,-0.44652055319354067,0.4738561758029746,Length 400
108,Curve 108,-0.4132360383238156,-0.4216220482279333,0.7739977883511975,Length 400
109,Curve 109,-0.4869830825387387,-0.42928876719531983,0.8847550672905338,Length 400
110,Curve 110,-0.4509904725378407,-0.446320895172621,0.7824273971927491,Length 400
111,Curve 111,-0.4931293698017968,-0.4821746827344791,0.9301299386619931,Length 400
112,Curve 112,-0.5155814934858702,-0.4943392723889043,0.8858936047437109,Length 400
113,Curve 113,-0.3647578890811695,-0.3879015336937283,0.7336977076856089,Length 400
114,Curve 114,-0.43870588642579683,-0.4192733789650703,0.8918992981793866,Length 400
115,Curve 115,-0.38955734049698626,-0.4054606860034923,0.9613898274341403,Length 400
116,Curve 116,-0.49774507453881905,-0.4722277107137588,0.929591672514135,Length 400
117,Curve 117,-0.4703405133039143,-0.4260061414924591,0.8588637084886056,Length 400
118,Curve 118,-0.5049143966447037,-0.4952593601978665,0.886015581751434,Length 400
119,Curve 119,-0.5029158114112462,-0.5031573322914049,0.9005794836057228,Length 400
120,Curve 120,-0.44294423231723945,-0.4187428238855255,0.9429253261569137,Length 400
121,Curve 121,-0.5267748849704758,-0.5245572266555221,0.7958236576015284,Length 400
122,Curve 122,-0.4593931240682428,-0.42389403523804475,0.7831207837201698,Length 400
123,Curve 123,-0.18393878908798456,-0.27750103429411155,0.8148210968459464,Length 400
124,Curve 124,-0.48586122692505523,-0.4152150222630601,0.9252569281171286,Length 400
125,Curve 125,-0.40620998798392227,-0.42285379451081795,0.9674713158750133,Length 400
126,Curve 126,-0.4380040625564786,-0.4945220081872259,0.8100241934715268,Length 400
127,Curve 127,-0.3935416182846463,-0.40085144540664736,0.8752000885695267,Length 400
128,Curve 128,-0.43819507901080196,-0.490377185741756,0.6891043993347823,Length 400
129,Curve 129,-0.42896177369088045,-0.3932742404449595,0.8094555999056804,Length 400
130,Curve 130,-0.4247021101608079,-0.4024979103819925,0.8880254938292836,Length 400
131,Curve 131,-0.40627853711938405,-0.4149671853961831,0.6377590609941431,Length 400
132,Curve 132,-0.3005512912067124,-0.4268598869614117,0.7173247189421168,Length 400
133,Curve 133,-0.44272971087626956,-0.4533716360946352,0.8182542791515003,Length 400
134,Curve 134,-0.4608734215614297,-0.4548506258529031,0.9083386318197264,Length 400
135,Curve 135,-0.3562399466475751,-0.4376101642983561,0.8162318859885396,Length 400
136,Curve 136,-0.4398642972279075,-0.4806754430699142,0.847701002111909,Length 400
137,Curve 137,-0.5179206900627225,-0.4992219414750336,0.8041600409622219,Length 400
138,Curve 138,-0.49387488774476995,-0.4940300156613843,0.8254722672734677,Length 400
139,Curve 139,-0.45219921366190485,-0.4510455326337802,0.8616517860060499,Length 400
140,Curve 140,-0.3951878588489381,-0.4043007167748732,0.6806786981572529,Length 400
141,Curve 141,-0.3351175220092165,-0.34828874139145216,0.8689970374950603,Length 400
142,Curve 142,-0.4042288945533491,-0.41053681747159565,0.9507562502139655,Length 400
143,Curve 143,-0.47832450560757095,-0.49038199577925706,0.9531851290422252,Length 400
144,Curve 144,-0.44048411907214097,-0.45361064895580633,0.7833033641946336,Length 400
145,Curve 145,-0.4052376108236498,-0.40969012641279307,0.9438694467596576,Length 400
146,Curve 146,-0.47551738898667223,-0.4841205114604782,0.9159839010116385,Length 400
147,Curve 147,-0.37644018998468337,-0.45995197103743063,0.7800906716847162,Length 400
148,Curve 148,-0.44287276190190417,-0.44057789706513967,0.9047005220843081,Length 400
149,Curve 149,-0.5018836648877296,-0.4744409840133857,0.7809241658681406,Length 400
150,Curve 150,-0.5275095806336607,-0.48468376342283376,0.6792116958137776,Length 400
151,Curve 151,-0.44781582696352795,-0.4073256062418141,0.9144697687539457,Length 400
152,Curve 152,-0.5259994402546073,-0.4614040042523757,0.8108190549011387,Length 400
153,Curve 153,-0.47051511591385,-0.45285792764626515,0.8553061338408031,Length 400
154,Curve 154,-0.44710306475232875,-0.4423093186757959,0.9030625922288802,Length 400
155,Curve 155,-0.42868041963563214,-0.42807274814283036,0.92826553350182,Length 400
156,Curve 156,-0.4706106269540987,-0.35726534018504075,0.43273772308923786,Length 400
157,Curve 157,-0.38045973801441735,-0.37637633833413764,0.9118962442191915,Length 400
158,Curve 158,-0.46614699997091164,-0.41728283175952186,0.8294764373508245,Length 400
159,Curve 159,-0.4022258904952325,-0.42777258892589093,0.9172642760231575,Length 400
160,Curve 160,-0.406322231082563,-0.4883744556939493,0.6219100209356975,Length 400
161,Curve 161,-0.46068514445190417,-0.44549635504112023,0.9126260945107428,Length 400
162,Curve 162,-0.49815940782448687,-0.4649238075018857,0.9180641572271392,Length 400
163,Curve 163,-0.23024295830349967,-0.2697393506872584,0.8677299820815542,Length 400
164,Curve 164,-0.4139178877034768,-0.4605516757845945,0.8796742804286793,Length 400
165,Curve 165,-0.25909062413083794,-0.35525385583783603,0.8229369112259103,Length 400
166,Curve 166,-0.43143738411927973,-0.4044631464798551,0.939681919845475,Length 400
167,Curve 167,-0.5136566477280833,-0.47028422889248755,0.7874863876964319,Length 400
168,Curve 168,-0.36364170999783435,-0.4251222439754294,0.8028702392201044,Length 400
169,Curve 169,-0.4600320621754385,-0.48008161991451936,0.7530540688089254,Length 400
170,Curve 170,-0.43205980109873326,-0.37764730652320116,0.6959998919625683,Length 400
171,Curve 171,-0.41796682583690764,-0.4105381035865779,0.9345365117642017,Length 400
172,Curve 172,-0.4681874500644663,-0.5034956502977223,0.9165696635708063,Length 400
173,Curve 173,-0.3763373768730485,-0.4057610443370653,0.5695182171727561,Length 400
174,Curve 174,-0.37920533063337325,-0.4190694525493296,0.7369717189818933,Length 400
175,Curve 175,-0.3910742705207929,-0.43615013850422824,0.7808422778327725,Length 400
176,Curve 176,-0.5826425628701339,-0.5746736362582393,0.9369401896587083,Length 400
177,Curve 177,-0.3852861967585288,-0.3939205237037047,0.7876668730935767,Length 400
178,Curve 178,-0.5069072610276294,-0.49116420992885984,0.8545271919793394,Length 400
179,Curve 179,-0.5571422935627073,-0.5224754510951664,0.8631168606314472,Length 400
180,Curve 180,-0.3189662740795148,-0.40199385266454324,0.8584048936969695,Length 400
181,Curve 181,-0.49399162862416063,-0.48867805706805273,0.912454306995641,Length 400
182,Curve 182,-0.5493787052977969,-0.5665363718413167,0.889942413576212,Length 400
183,Curve 183,-0.3963017152072826,-0.3746594750212793,0.7813335884793547,Length 400
184,Curve 184,-0.5032544479121965,-0.5078086614176962,0.8545291692156177,Length 400
185,Curve 185,-0.4502356686221164,-0.46334185067577793,0.8653069815593573,Length 400
186,Curve 186,-0.42037978649264157,-0.37083180544523225,0.9334721867155724,Length 400
187,Curve 187,-0.4043863843671965,-0.4073776442636931,0.9303626870814415,Length 400
188,Curve 188,-0.3980510164074641,-0.3671731460377677,0.9659535852161315,Length 400
189,Curve 189,-0.40981131268972365,-0.44320956500573694,0.9505244933638953,Length 400
190,Curve 190,-0.305796437838647,-0.3548170565941362,0.6353143434016887,Length 400
191,Curve 191,-0.37078516352790447,-0.3853393175826919,0.9527375459329842,Length 400
192,Curve 192,-0.39864877273313337,-0.40412404810003516,0.7668025948109439,Length 400
193,Curve 193,-0.49066891084272113,-0.5100950327624935,0.8955588575759946,Length 400
194,Curve 194,-0.50783706662217,-0.5081217487538529,0.9095351076928759,Length 400
195,Curve 195,-0.5050612498954679,-0.4901425375923769,0.8481434895224274,Length 400
196,Curve 196,-0.48832405956748204,-0.4481815892055196,0.8338183851847883,Length 400
197,Curve 197,-0.37412963885104034,-0.36706430050806005,0.8686102811912249,Length 400
198,Curve 198,-0.40029858798475726,-0.36116438691572045,0.901056914631079,Length 400
199,Curve 199,-0.40837446243161246,-0.41925117812557283,0.9384986879300408,Length 400
